manglish,english
"ninte ammavan nurse aanu","your uncle is a nurse"
"pallu thechoo","did you brush your teeth"
"avalude phone kattilil und","her phone is on the bed"
"ningalkku kaasu undo","do you have money"
"ente laptop work cheyyunnilla","my laptop is not working"
"onnu volleyball kalikku","please play volleyball"
"ninakku thanuppu ishtamalla","you don't like cold weather"
"avalude aniyan stationil aanu","her younger brother is at the station"
"avanu chor venamo","does he want rice"
"njaan innu rathri auto il stationilekku pokum pinne report ezhuthum","i will go to the station by auto tonight and then write the report"
"avante chechi doctor aanu","his elder sister is a doctor"
"kutti innu raavile bus stopil aayirunnu","the child was at the bus stop this morning"
"ammayude curry adipoli aanu","mom's curry is awesome"
"amma ippo bus stopil aanu","mom is at the bus stop now"
"enikku thondayil vedana illa","i don't have a sore throat"
"achanu paattu ishtamalla","dad doesn't like songs"
"nammal randu divasam munpu cricket kalichilla","we didn't play cricket two days ago"
"nee kazhinja aazhcha kathu ezhuthi pinne puthiya phone vaangi","you wrote a letter last week and then bought a new phone"
"avar nale bag vaangumo","will they buy a bag tomorrow"
"namukku football kalikkam","let's play football"
"teacherinu mazha ishtamalla","the teacher doesn't like the rain"
"njaan innale pathram vaayichilla","i didn't read the newspaper yesterday"
"achanu kai vedana undo","does dad have a pain in the hand"
"avar ippo dosa undakkunnilla","they are not making dosa now"
"chettanu chess kalikkan ariyamo","can my elder brother play chess"
"chettanu english samsarikkan ariyamo","can my elder brother speak english"
"avarkku aashwasam aayirunnu","they were relieved"
"kutti kazhinja aazhcha carroms kalichilla","the child didn't play carrom last week"
"nee anchu manikku varum","you will come at five"
"oru help cheyyamo","can you do me a favour"
"avante phone sofayil und","his phone is on the sofa"
"avante chechi thrissuril aanu","his elder sister is in thrissur"
"chettan avadhi divasangalil yoga cheyyum","my elder brother does yoga on holidays"
"avanu vellam venamo","does he want water"
"njan kazhinja maasam assignment ezhuthiyilla","i didn't write the assignment last month"
"ente amma pachakkaran aanu","my mom is a cook"
"chettanu bhayam undo","is my elder brother scared"
"onnu oru pazhaya paattu paadu","please sing an old song"
"avalude phone alamarayil undu","her phone is in the cupboard"
"ninakku pallu vedana illa","you don't have a toothache"
"njangalkku ippo payasam venam","we want payasam now"
"kuttikku nadakkan ishtamalla","the child doesn't like walking"
"avante ticket bagil und","his ticket is in the bag"
"enikku arai kilo pazham venam","i need half a kilo of bananas"
"chechi appam kazhichu","my elder sister ate appam"
"enikku oru paper tharamo","can you give me a paper"
"achan innu rathri auto il hospitalilekku pokum pinne oru hindi paattu paadum","dad will go to the hospital by auto tonight and then sing a hindi song"
"chechikku hindi samsarikkan ariyamo","can my elder sister speak hindi"
"ninte voice kelkkunnilla","i can't hear your voice"
"avarude kuda evide","where is their umbrella"
"chettanu payasam ishtam aanu","my elder brother likes payasam"
"ippo manikku aaraayi","what time is it now"
"velliyaazhcha njan free aanu","i am free on friday"
"chettan manga kazhikkunnilla","my elder brother is not eating a mango"
"aval innale groundil aayirunnu","she was at the ground yesterday"
"chettan innale raavile ezhu manikku irangi","my elder brother left at seven in the morning yesterday"
"njangal adutha aazhcha dosa undakkum athu kazhinju bus il hotelilekku pokum","we will make dosa and then afterwards go to the hotel by bus next week"
"kutti chilappol paattu kelkkumo","does the child listen to songs sometimes"
"nee adutha aazhcha hindi samsarikkumo","will you speak hindi next week"
"chechi nale raavile bike il kadayilekku pokum pinne soda kudikkum","my elder sister will go to the shop by bike tomorrow morning and then drink soda"
"njaan cartoon kandilla","i didn't watch a cartoon"
"ninte ticket mejayil undu","your ticket is on the table"
"kuttikku oru kada illaa","the child doesn't have a shop"
"avan innale car il officilekku poyo","did he go to the office by car yesterday"
"chettanu oru plan und","my elder brother has a plan"
"aval nalla aalu aanu","she is a good person"
"nammal innale raathri onpathu manikku irangi","we left at nine at night yesterday"
"avan kazhinja aazhcha veettil vannu","he came home last week"
"ninte ammavan engineer aanu","your uncle is an engineer"
"avarkku pachakam cheyyan ariyamo","can they cook"
"avan innale malayalam samsarichu pinne oru hindi paattu paadi","he spoke malayalam yesterday and then sang a hindi song"
"nee airportil aanu","you are at the airport"
"nee ippo payasam kazhikkunnilla","you are not eating payasam now"
"ente achan snehamulla aalu aanu","my dad is a loving person"
"njangal innu raavile stationil aayirunnu","we were at the station this morning"
"njangal innu rathri science padikkum pinne nadannu hotelilekku pokum","we will study science and then go to the hotel on foot tonight"
"avarude achan collegil aanu","their dad is at college"
"avanu thalavedana illa","he doesn't have a headache"
"ninakku kali ishtamalla","you don't like playing games"
"ninak kaasu illaa","you don't have money"
"chettan aazhchayil onnu nadakkan pokum","my elder brother goes for a walk once a week"
"teacher ettu manikku pokum","the teacher will go at eight"
"onnu mutta kazhikku","please eat an egg"
"njangalkku kappi ishtamalla","we don't like coffee"
"idli kazhikkanda","don't eat idli"
"pani cheyyu","do the work"
"amma bus il beachilekku poyo","did mom go to the beach by bus"
"aval ippol collegil illaa","she is not at college now"
"nammal ippo kathu ezhuthunnilla","we are not writing a letter now"
"ninakku meen curry ishtamano","do you like fish curry"
"ente ammayi hotelil aanu","my aunt is at the hotel"
"chettan innale vaikunneram pannirandu manikku vannu","my elder brother came at twelve in the evening yesterday"
"chettanu cricket ishtamano","does my elder brother like cricket"
"nammal innale raavile naalu manikku ezhunnettu","we woke up at four in the morning yesterday"
"njan chappal vaangiyilla","i didn't buy slippers"
"avanu guitar vaayikkan ariyilla","he can't play the guitar"
"ee pen anpathu roopa aanu","this pen is 50 rupees"
"avante aniyathi doctor aanu","his younger sister is a doctor"
"namukku ippo chor venam","we want rice now"
"teacher bus il groundilekku pokunnu","the teacher is going to the ground by bus"
"pathram vaayikkanda","don't read the newspaper"
"kutti ucha kazhinju naalu manikku irangum","the child will leave at four in the afternoon"
"nalla samayam aanu","it is a good time"
"ninak oru veedu undo","do you have a house"
"avarkku mazha ishtamalla","they don't like the rain"
"avar veettil varumo","will they come home"
"njangal nale raavile music kelkkilla","we won't listen to music tomorrow morning"
"ninte amma kannuril aanu","your mom is in kannur"
"ninakku computer upayogikkan ariyam","you can use a computer"
"chechi veettil aanu","my elder sister is at home"
"njan kazhinja aazhcha history padichu pinne oru kadha paranju","i studied history last week and then told a story"
"njangalkku oru car und","we have a car"
"nee innu raavile manga kazhicho","did you eat a mango this morning"
"report vaayikkanda","don't read the report"
"aval innale officilekku poyi","she went to the office yesterday"
"avante chechi evide","where is his elder sister"
"njan adutha aazhcha english padikkum pinne nadannu marketilekku pokum","i will study english and then go to the market on foot next week"
"chechikku oru laptop venamo","does my elder sister want a laptop"
"aval libraryil illa","she is not at the library"
"ninakku oru doubt illa","you don't have a doubt"
"njangal naale video kaanum","we will watch a video tomorrow"
"nee adutha maasam car il bus stopilekku pokumo","will you go to the bus stop by car next month"
"kuttikku ippo oru puthiya phone venam","the child wants a new phone now"
"avarkku sankadam aayirunnu","they were sad"
"aval ambalathil illa","she is not at the temple"
"nee kazhinja aazhcha groundil aayirunnu","you were at the ground last week"
"avante ammayi nurse aanu","his aunt is a nurse"
"teacher rahasyam parayilla","the teacher won't tell the secret"
"ninte achan vakkeel aanu","your dad is a lawyer"
"njan naale bus il kozhikkodekku pokum","i will go to kozhikode by bus tomorrow"
"teacher innu rathri biriyani undakkilla","the teacher won't make biryani tonight"
"chettan ippol chor undakkunnu","my elder brother is making rice now"
"kutti adutha maasam report ezhuthumo","will the child write the report next month"
"avar innu rathri bike il officilekku pokum pinne puthiya phone vaangum","they will go to the office by bike tonight and then buy a new phone"
"teacherinu oru puthiya phone venamo","does the teacher want a new phone"
"njangalude ammavan gulfil aanu","our uncle is in the gulf"
"mole","daughter"
"avarkku oru laptop venda","they don't want a laptop"
"njangalkku vellam venam","we want water"
"avan maths padikkum pakshe nee padikkilla","he will study maths but you won't"
"chechikku tension aayirunnu","my elder sister was nervous"
"onnu sahayikkamo","can you help me"
"ente chechi nalla aalu aanu","my elder sister is a good person"
"amma vaikunneram tv kaanilla","mom doesn't watch tv in the evening"
"kutti ippol pustakam vaayikkunnilla","the child is not reading a book now"
"enikku kurachu kaasu tharamo","can you give me some money"
"achan innu rathri kadayil varumo","will dad come to the shop tonight"
"chechikku pachakam cheyyan ariyam","my elder sister can cook"
"ninte chappal veettil und","your slippers are at home"
"avar homework cheyyunnu","they are doing homework"
"namukku ippo kurachu vellam venam","we want some water now"
"enikku comedy padam ishtam","i like comedy movies"
"avante aniyathi karshakan aanu","his younger sister is a farmer"
"kuttikku nadum vedana illaa","the child doesn't have a backache"
"avarude aniyathi engineer aanu","their younger sister is an engineer"
"njangal adutha aazhcha yoga cheyyilla","we won't do yoga next week"
"avan raathri anchu manikku varum","he will come at five at night"
"nee kathu vaayikkunnilla","you are not reading a letter"
"achan innale vaikunneram pathinonnu manikku poyi","dad went at eleven in the evening yesterday"
"namukku vellam venda","we don't want water"
"avanu nadakkan ishtamalla","he doesn't like walking"
"avalude appooppan teacher aanu","her grandpa is a teacher"
"avar innu pariksha ezhuthunnundo","are they writing the exam today"
"njangal nale volleyball kalikkum athu kazhinju nadannu collegilekku pokum","we will play volleyball and then afterwards go to college on foot tomorrow"
"njangalude ammayi pachakkaran aanu","our aunt is a cook"
"chechi ippo sathyam parayunnundo","is my elder sister telling the truth now"
"njangalkku car odikkan ariyilla","we can't drive a car"
"onnum ariyilla","i don't know anything"
"avalude kuppi veettil und","her bottle is at home"
"njan innu urangiyilla","i didn't sleep today"
"achan adutha aazhcha train il alappuzhayilekku pokumo","will dad go to alappuzha by train next week"
"achan adutha aazhcha pustakam vaayikkum","dad will read a book next week"
"avan marketil illa","he is not at the market"
"avar nale raavile pen vaangumo","will they buy a pen tomorrow morning"
"chechi randu divasam munpu mutta kazhichilla","my elder sister didn't eat an egg two days ago"
"enikku ippo aashwasam und","i am relieved right now"
"nee kazhinja aazhcha english samsarichu pinne magazine vaayichu","you spoke english last week and then read a magazine"
"achanu pani illa","dad doesn't have a fever"
"avanodu parayu","tell him"
"ee shirt kollaam","this shirt is nice"
"teacher thiruvananthapurathekku pokunnilla","the teacher is not going to trivandrum"
"kutti ippo news kaanunnu","the child is watching the news now"
"teacher adutha maasam collegil varum","the teacher will come to college next month"
"ee kuppi vila kooduthal aanu","this bottle is too expensive"
"aval ethra manikku irangum","what time will she leave"
"teacherinu tamil samsarikkan ariyilla","the teacher can't speak tamil"
"chettan vaikunneram malayalam samsarikkumo","does my elder brother speak malayalam in the evening"
"avan ippo schoolil illaa","he is not at school now"
"nammal aazhchayil onnu pustakam vaayikkilla","we don't read books once a week"
"mutta kazhikku","eat an egg"
"avalkku jalado illa","she doesn't have a cold"
"chettanu cycle chavittan ariyaam","my elder brother can ride a bicycle"
"ee shoes ethra roopa aan","how much is this pair of shoes"
"achan innu meen kazhikkunnilla","dad is not eating fish today"
"nee nale raavile nadannu beachilekku pokum","you will go to the beach on foot tomorrow morning"
"njangalkku paadan ariyam","we can sing"
"ningal adutha aazhcha computer padikkumo","will you study computer science next week"
"avarkku oru puthiya phone venda","they don't want a new phone"
"achanu oru kuda venda","dad doesn't want an umbrella"
"ninte watch kattilil und","your watch is on the bed"
"ningalkku oru veedu undo","do you have a house"
"orupaadu nanni","thank you so much"
"hindi samsarikkenda","don't speak hindi"
"avar kazhinja aazhcha kanakku cheythu pinne cricket kalichu","they did the maths problems last week and then played cricket"
"enikku english samsarikkan ariyam","i can speak english"
"nee nale oru hindi paattu paadumo","will you sing a hindi song tomorrow"
"avante amma kozhikkodu aanu","his mom is in kozhikode"
"nee innu rathri appam kazhikkumo","will you eat appam tonight"
"chechi innu rathri tv kaanum pinne bike il marketilekku pokum","my elder sister will watch tv and then go to the market by bike tonight"
"chettan kazhinja maasam schoolilekku poyilla","my elder brother didn't go to school last month"
"avalkku chor venam","she wants rice"
"achanu cinema ishtam aanu","dad likes movies"
"avarkku chor venamo","do they want rice"
"ente watch adukkalayil und","my watch is in the kitchen"
"ninak paalu venam","you want milk"
"exam nale aanu","the exam is tomorrow"
"enikku ippo oru puthiya phone venam","i want a new phone now"
"avan ippo sambar undakkunnu","he is making sambar now"
"kuttikku oru phone undo","does the child have a phone"
"amma ennum veetil pani cheyyilla","mom doesn't do chores at home every day"
"avarkku oru break venamo","do they want a break"
"chettan randu divasam munpu maths padichilla","my elder brother didn't study maths two days ago"
"avarkku vishakkunnundo","are they hungry"
"ninakku boradi illaa","you are not bored"
"chovvaazhcha exam und","there is an exam on tuesday"
"achanu bhayam aayirunnu","dad was scared"
"nammal hotelil aanu","we are at the hotel"
"avan nale nattil varilla","he won't come to my hometown tomorrow"
"ammakku oru kuda venda","mom doesn't want an umbrella"
"ammakku yathra ishtamalla","mom doesn't like travelling"
"ninte charger sofayil und","your charger is on the sofa"
"avante phone mejayil und","his phone is on the table"
"ente charger mejayil und","my charger is on the table"
"avalkku oru chechi undo","does she have an elder sister"
"njan innale ticket vaangi pinne oru puthiya paattu paadi","i bought the ticket yesterday and then sang a new song"
"chettan kuda vaangiyilla","my elder brother didn't buy an umbrella"
"avalkku pachakkari ishtamalla","she doesn't like vegetables"
"njan sugham aayirikkunnu","i am doing fine"
"ningal kazhinja maasam kollathekku poyo","did you go to kollam last month"
"avarude laptop evide","where is their laptop"
"ethra roopa aanu","how much is it"
"aval nale english samsarikkumo","will she speak english tomorrow"
"ninte kuda officil und","your umbrella is at the office"
"station evideya","where is the station"
"nammal avadhi divasangalil veettil pani cheyyilla","we don't do chores at home on holidays"
"aval nale rahasyam parayum pinne nadannu airportilekku pokum","she will tell the secret and then go to the airport on foot tomorrow"
"ee shirt mosham aanu","this shirt is bad"
"teacherinu kaasu illa","the teacher doesn't have money"
"oru paattu paadamo","can you sing a song"
"ammakku nadum vedana undo","does mom have a backache"
"avarude ammayi doctor aanu","their aunt is a doctor"
"ee kuppi ethra roopa aan","how much is this bottle"
"ninte watch bagil und","your watch is in the bag"
"chaya undakku","make tea"
"nammal randu divasam munpu photo eduthilla","we didn't take a photo two days ago"
"avarkku computer upayogikkan ariyilla","they can't use a computer"
"enikku ottakku aayi","i feel lonely"
"nammal innu rathri notes ezhuthum","we will write notes tonight"
"chettanu oru bike illa","my elder brother doesn't have a bike"
"aval innu rathri video kaanum athu kazhinju bus il marketilekku pokum","she will watch a video and then afterwards go to the market by bus tonight"
"avanu daahikkunnu","he is thirsty"
"njan ellaa aazhchayum bus il pokum","i go by bus every week"
"teacherinu payasam ishtamalla","the teacher doesn't like payasam"
"nammal innu car il airportilekku pokunnilla","we are not going to the airport by car today"
"namukku english padikkam","let's study english"
"chettan nale raavile car il theatreilekku pokum","my elder brother will go to the theatre by car tomorrow morning"
"kutti innu oru paattu paadunnu","the child is singing a song today"
"aa kaaryam ariyamo","do you know about that"
"chettanu nadum vedana undo","does my elder brother have a backache"
"teacher onpathu manikku pokum","the teacher will go at nine"
"avanu bike odikkan ariyam","he can ride a bike"
"nammal alappuzhayil aanu","we are in alappuzha"
"chechi kazhinja maasam assignment ezhuthiyo","did my elder sister write the assignment last month"
"ammakku oru pen illa","mom doesn't have a pen"
"njangal ippol carroms kalikkunnu","we are playing carrom now"
"avar ennum pustakam vaayikkum","they read books every day"
"chechikku vaayana ishtam aan","my elder sister likes reading"
"avalkku bike odikkan ariyam","she can ride a bike"
"teacherinu chaya ishtam aanu","the teacher likes tea"
"avar collegil aayirunno","were they at college"
"achan adutha maasam ivide varumo","will dad come here next month"
"chechi nale biriyani undakkilla","my elder sister won't make biryani tomorrow"
"avalude kuppi sofayil und","her bottle is on the sofa"
"avar car il kollathekku pokunnundo","are they going to kollam by car"
"kutti naale raavile english padikkilla","the child won't study english tomorrow morning"
"njangal nale raavile officil varum","we will come to the office tomorrow morning"
"enikku malayalam samsarikkan ariyam","i can speak malayalam"
"kuttikku beach ishtam aanu","the child likes the beach"
"aval innu raavile manga kazhichu pinne history padichu","she ate a mango this morning and then studied history"
"avalude ammavan nurse aanu","her uncle is a nurse"
"ninte phone veetil undu","your phone is at home"
"achanu oru problem und","dad has a problem"
"ee kuda pathu roopa aanu","this umbrella is 10 rupees"
"namukku oru laptop und","we have a laptop"
"nee ellaa aazhchayum paalu kudikkilla","you don't drink milk every week"
"avanu pachakam ishtamano","does he like cooking"
"ninte appooppan karshakan aanu","your grandpa is a farmer"
"nammal dubaiyil aanu","we are in dubai"
"avar innale soda kudichu pinne payasam undakki","they drank soda yesterday and then made payasam"
"aval yoga cheyyumo","will she do yoga"
"kuttikku car odikkan ariyilla","the child can't drive a car"
"fan off cheyyu","turn off the fan"
"avarkku whistle adikkan ariyamo","can they whistle"
"aval nale auto il officilekku pokum pinne oru nunna parayum","she will go to the office by auto tomorrow and then tell a lie"
"chettan nale karikku kudikkum athu kazhinju bike il libraryilekku pokum","my elder brother will drink tender coconut water and then afterwards go to the library by bike tomorrow"
"chechi innu radio kelkkunnu","my elder sister is listening to the radio today"
"teacher ethra manikku ezhunnerkkum","what time will the teacher wake up"
"message vaayikkanda","don't read the message"
"nee ennum sadhanam vaangan pokumo","do you go shopping every day"
"avanu vayaru vedana illa","he doesn't have a stomach ache"
"chechi bankil aayirunno","was my elder sister at the bank"
"teacherinu chor venda","the teacher doesn't want rice"
"namukku oru nunna parayam","let's tell a lie"
"avanu ice cream venamo","does he want ice cream"
"teacher raavile moonu manikku ethum","the teacher will reach at three in the morning"
"achanu ippo kurachu vellam venam","dad wants some water now"
"chechi innu dosa undakkunnilla","my elder sister is not making dosa today"
"chechi innu rathri bus il marketilekku pokum athu kazhinju hindi samsarikkum","my elder sister will go to the market by bus tonight and then afterwards speak hindi"
"achanu ippo kurachu samayam venam","dad wants some time now"
"achanu kaasu illa","dad doesn't have money"
"njangalude ammachi karshakan aanu","our grandma is a farmer"
"avan nale car il bus stopilekku pokum ennitt dosa undakkum","he will go to the bus stop by car tomorrow and make dosa"
"aval paalu kudikkumo","will she drink milk"
"avan nale vellam kudikkilla","he won't drink water tomorrow"
"avarude ammavan police aanu","their uncle is a police officer"
"njan nale ambalathilekku pokum athu kazhinju badminton kalikkum","i will go to the temple tomorrow and then afterwards play badminton"
"avar notes ezhuthum pakshe aval ezhuthilla","they will write notes but she won't"
"achan nale nadannu stationilekku pokum athu kazhinju pani cheyyum","dad will go to the station on foot tomorrow and then afterwards do the work"
"teacher ethra manikku irangum","what time will the teacher leave"
"nee dosa kazhichu","you ate dosa"
"avante aniyathi teacher aanu","his younger sister is a teacher"
"avarkku thalavedana undo","do they have a headache"
"namukku chapathi kazhikkam","let's eat chapathi"
"chechikku daahikkunnundo","is my elder sister thirsty"
"amma raavile ezhu manikku varum","mom will come at seven in the morning"
"teacher ippo rahasyam parayunnundo","is the teacher telling the secret now"
"avar ippo oru pazhaya paattu paadunnu","they are singing an old song now"
"avalkku oru bike illa","she doesn't have a bike"
"avan adutha aazhcha theatreilekku pokum","he will go to the theatre next week"
"nee aazhchayil onnu vegam ezhunnerkkilla","you don't wake up early once a week"
"achanu oru cycle und","dad has a bicycle"
"randu kilo uppu tharu","give me two kilos of salt"
"achanu ippol biriyani venam","dad wants biryani now"
"avar auto il officilekku pokumo","will they go to the office by auto"
"chechi hospitalil illa","my elder sister is not at the hospital"
"ninte veedu evideya","where is your house"
"ente key kattilil und","my key is on the bed"
"adutha aazhcha choodu kooduthal aakumo","it will get hotter next week"
"avar nale raavile auto il hotelilekku pokum","they will go to the hotel by auto tomorrow morning"
"aval avadhi divasangalil yoga cheyyumo","does she do yoga on holidays"
"aval kashtappettu pani cheyyunna aalu aan","she is a hard-working person"
"teacher innu rathri sathyam parayilla","the teacher won't tell the truth tonight"
"nee meen curry undakkunnilla","you are not making fish curry"
"teacher kazhinja aazhcha bike il beachilekku poyilla","the teacher didn't go to the beach by bike last week"
"kuttikku oru pen und","the child has a pen"
"avar innale paalu kudichilla","they didn't drink milk yesterday"
"nammal ippo soda kudikkunnu","we are drinking soda now"
"avarkku samayam und","they have time"
"chettan groundil aano","is my elder brother at the ground"
"achan innu rathri bus il libraryilekku pokum athu kazhinju hindi samsarikkum","dad will go to the library by bus tonight and then afterwards speak hindi"
"oru kilo pazham tharu","give me one kilo of bananas"
"ninte amma doctor aanu","your mom is a doctor"
"njan innu raavile news kandu pinne biriyani undakki","i watched the news this morning and then made biryani"
"avalude bag sofayil und","her bag is on the sofa"
"nammal raavile anchu manikku varum","we will come at five in the morning"
"njan oru nunna parayum pakshe avan parayilla","i will tell a lie but he won't"
"avalkku chaya venamo","does she want tea"
"enthina vilichathu","why did you call"
"achan adutha maasam nadannu marketilekku pokilla","dad won't go to the market on foot next month"
"onnu chor kazhikku","please eat rice"
"achan adutha maasam manga kazhikkum","dad will eat a mango next month"
"kutti kazhinja maasam paattu ketto","did the child listen to songs last month"
"chechikku oru chechi und","my elder sister has an elder sister"
"nammal nale pathram vaayikkum","we will read the newspaper tomorrow"
"avante ammachi kadakkaran aanu","his grandma is a shopkeeper"
"njan serial kaanum","i will watch a serial"
"ninakku vaayana ishtamano","do you like reading"
"avanu oru laptop illa","he doesn't have a laptop"
"chechi rathri kulikkumo","does my elder sister take a bath at night"
"njan pass aayi","i passed"
"nee vaikunneram onpathu manikku pokum","you will go at nine in the evening"
"avante aniyan chennaiyil aanu","his younger brother is in chennai"
"ninte watch evide","where is your watch"
"nee ethu team support cheyyunnu","which team do you support"
"ee phone aayiram roopa aanu","this phone is 1000 rupees"
"amma adutha aazhcha auto il veettilekku pokum ennitt sathyam parayum","mom will go home by auto next week and tell the truth"
"achanu chaya venam","dad wants tea"
"avan innu raavile yoga cheythu pinne kuda vaangi","he did yoga this morning and then bought an umbrella"
"achan innu payasam undakkunnu","dad is making payasam today"
"chechi car il kollathekku poyilla","my elder sister didn't go to kollam by car"
"amma kazhinja maasam report vaayicho","did mom read the report last month"
"njan innale paattu kettilla","i didn't listen to songs yesterday"
"ningal ennum urangumo","do you sleep every day"
"avarkku ippo oru pen venam","they want a pen now"
"avalkku oru break venda","she doesn't want a break"
"oru nunna parayenda","don't tell a lie"
"onnu chettane vilikku","please call my elder brother"
"chechikku oru kada undo","does my elder sister have a shop"
"chechikku santhosham illa","my elder sister is not happy"
"kidu","cool"
"aval innale officil aayirunnu","she was at the office yesterday"
"avar kazhinja aazhcha flight il dubaiyilekku poyi","they went to dubai by flight last week"
"teacher bike il libraryilekku pokunnu","the teacher is going to the library by bike"
"chettan adutha maasam kozhi kazhikkumo","will my elder brother eat chicken next month"
"avan avadhi divasangalil pustakam vaayikkum","he reads books on holidays"
"achanu oru doubt undo","does dad have a doubt"
"avanu kali ishtam aanu","he likes playing games"
"chettan raathri moonu manikku urangum","my elder brother will sleep at three at night"
"ente koottukaran shradhayulla aalu aan","my friend is a careful person"
"achan adutha aazhcha chettane vilikkumo","will dad call my elder brother next week"
"ammakku cricket ishtamalla","mom doesn't like cricket"
"avan ippo chappal vaangunnilla","he is not buying slippers now"
"avante ammayi police aanu","his aunt is a police officer"
"njaan kazhinja aazhcha dosa undakki","i made dosa last week"
"enikku oru kada und","i have a shop"
"achanu kai vedana illa","dad doesn't have a pain in the hand"
"ninakku bhayam und","you are scared"
"avante charger adukkalayil und","his charger is in the kitchen"
"chettan kadayil illa","my elder brother is not at the shop"
"chechi vaikunneram naalu manikku urangum","my elder sister will sleep at four in the evening"
"chettanu paattu ishtam aan","my elder brother likes songs"
"chechikku daahikkunnilla","my elder sister is not thirsty"
"chettan nale raavile nadannu airportilekku pokum athu kazhinju doctore vilikkum","my elder brother will go to the airport on foot tomorrow morning and then afterwards call the doctor"
"avan chemistry padikkum pakshe avar padikkilla","he will study chemistry but they won't"
"ammakku oru doubt illa","mom doesn't have a doubt"
"ningal english padikkunnundo","are you studying english"
"teacherinu pani illaa","the teacher doesn't have a fever"
"aval nale raavile auto il bankilekku pokumo","will she go to the bank by auto tomorrow morning"
"avan ellaa aazhchayum kadha ezhuthumo","does he write stories every week"
"nee innu raavile bus stopil aayirunnu","you were at the bus stop this morning"
"onnu rahasyam parayu","please tell the secret"
"kuttikku hindi samsarikkan ariyam","the child can speak hindi"
"amma innale pathinonnu manikku ethi","mom reached at eleven yesterday"
"ticket edukku","take the ticket"
"aval kazhinja aazhcha phone edutho","did she take the phone last week"
"card edukkumo","do you accept cards"
"nee kazhinja aazhcha koottukaarane vilichu pinne chemistry padichu","you called a friend last week and then studied chemistry"
"ninak biriyani venam","you want biryani"
"aval adutha maasam homework cheyyum","she will do homework next month"
"kuttikku kali ishtamano","does the child like playing games"
"innu budhanaazhcha aan","today is wednesday"
"chettan kazhinja aazhcha bus il chennaiyilekku poyo","did my elder brother go to chennai by bus last week"
"chechi nale ambalathilekku pokum athu kazhinju bag edukkum","my elder sister will go to the temple tomorrow and then afterwards take the bag"
"njangalkku oru aniyan illa","we don't have a younger brother"
"ningal randu divasam munpu key edutho","did you take the key two days ago"
"achan adutha maasam kathu vaayikkumo","will dad read a letter next month"
"teacher innu rathri schoolil varum","the teacher will come to school tonight"
"ninakku pachakam cheyyan ariyam","you can cook"
"nammal computer padikkilla","we won't study computer science"
"avanu jalado und","he has a cold"
"njangalude chechi kadakkaran aan","our elder sister is a shopkeeper"
"chapathi kazhikku","eat chapathi"
"avar innale randu manikku ezhunnettu","they woke up at two yesterday"
"avan randu divasam munpu chettane vilicho","did he call my elder brother two days ago"
"avarude chechi doctor aanu","their elder sister is a doctor"
"avalkku kai vedana undo","does she have a pain in the hand"
"njangalude appooppan palakkadu aanu","our grandpa is in palakkad"
"amma adutha aazhcha bike il veettilekku pokum pinne cricket match kaanum","mom will go home by bike next week and then watch the cricket match"
"njangalkku meen curry ishtamalla","we don't like fish curry"
"avar raavile onnu manikku ezhunnerkkum","they will wake up at one in the morning"
"kuttikku thanuppu ishtam aanu","the child likes cold weather"
"achanu oru doubt illa","dad doesn't have a doubt"
"njangalkku car odikkan ariyam","we can drive a car"
"naale velliyaazhcha aanu","tomorrow is friday"
"teacher aazhchayil onnu pustakam vaayikkilla","the teacher doesn't read books once a week"
"avan kashtappettu pani cheyyunna aalu aanu","he is a hard-working person"
"naattil ellaam sheriyaano","is everything okay back home"
"njangalkku thalavedana und","we have a headache"
"njaan nale raavile assignment cheyyum pinne car il veettilekku pokum","i will do the assignment and then go home by car tomorrow morning"
"ente aniyathi alappuzhayil aanu","my younger sister is in alappuzha"
"teacherinu pachakkari ishtamano","does the teacher like vegetables"
"njangal raavile anchu manikku irangum","we will leave at five in the morning"
"chettan kazhinja maasam puthiya vandi vaangi","my elder brother bought a new vehicle last month"
"ente amma nalla aalu aanu","my mom is a good person"
"ee watch pathinaayiram roopa aanu","this watch is 10,000 rupees"
"njangalkku payasam ishtam aan","we like payasam"
"onnu biriyani kazhikku","please eat biryani"
"ente koode vaa","come with me"
"chechi innu raavile bus il ambalathilekku poyilla","my elder sister didn't go to the temple by bus this morning"
"kutti rathri tv kaanumo","does the child watch tv at night"
"teacher alappuzhayil aan","the teacher is in alappuzha"
"teacher innale auto il bankilekku poyo","did the teacher go to the bank by auto yesterday"
"oru pazhaya paattu paadu","sing an old song"
"achan officil aan","dad is at the office"
"chettanu lajja und","my elder brother is embarrassed"
"ente chettan shradhayulla aalu aan","my elder brother is a careful person"
"avalkku oru idea undo","does she have an idea"
"avalkku car odikkan ariyamo","can she drive a car"
"ente amma kadakkaran aan","my mom is a shopkeeper"
"avanu oru car undo","does he have a car"
"enikku oru chettan undu","i have an elder brother"
"ente achan shradhayulla aalu aan","my dad is a careful person"
"athu nokkanda","don't worry about that"
"nammal chilappol sadhanam vaangan pokilla","we don't go shopping sometimes"
"ente appooppan teacher aan","my grandpa is a teacher"
"njan adutha aazhcha bus il airportilekku pokilla","i won't go to the airport by bus next week"
"nammal ippo report vaayikkunnilla","we are not reading the report now"
"teacher officil aayirunno","was the teacher at the office"
"chettan bankil illa","my elder brother is not at the bank"
"enikku chess kalikkan ariyam","i can play chess"
"ente ammavan doctor aanu","my uncle is a doctor"
"ninakku yathra ishtam aanu","you like travelling"
"aval innale schoolil aayirunnu","she was at school yesterday"
"ee mundu ethra roopa aanu","how much is this mundu"
"ninte aniyan driver aanu","your younger brother is a driver"
"amma ippo appam kazhikkunnundo","is mom eating appam now"
"vila kooduthal aanu","the price is too high"
"njangal innale ucha kazhinju moonu manikku ethi","we reached at three in the afternoon yesterday"
"nee koottukaarane vilikkunnilla","you are not calling a friend"
"avalude kuda officil undu","her umbrella is at the office"
"amma innu raavile meen kazhichu","mom ate fish this morning"
"achanu chaya ishtamalla","dad doesn't like tea"
"kulikkan pokunnu","i am going to take a bath"
"arai kilo ulli tharu","give me half a kilo of onions"
"kutti kadayil illaa","the child is not at the shop"
"namukku kaal vedana illa","we don't have a leg pain"
"njan innu rathri cricket match kaanum ennitt auto il officilekku pokum","i will watch the cricket match and go to the office by auto tonight"
"avarude charger evide","where is their charger"
"chechi chilappol yoga cheyyum","my elder sister does yoga sometimes"
"chechi adutha maasam car il thrissurilekku pokum","my elder sister will go to thrissur by car next month"
"achanu guitar vaayikkan ariyilla","dad can't play the guitar"
"njan oru malayalam paattu paadi","i sang a malayalam song"
"kutti avadhi divasangalil pathram vaayikkumo","does the child read the newspaper on holidays"
"ee thorthu kollaam","this towel is nice"
"teacher adutha aazhcha avide varum","the teacher will come there next week"
"chettan innu rathri bus il libraryilekku pokum pinne payasam kazhikkum","my elder brother will go to the library by bus tonight and then eat payasam"
"kuttikku oru idea und","the child has an idea"
"chettan vaikunneram bus il pokilla","my elder brother doesn't go by bus in the evening"
"ee chappal vila kooduthal aanu","this pair of slippers is too expensive"
"njangal ellaa aazhchayum yoga cheyyilla","we don't do yoga every week"
"avan nale raavile serial kaanum pinne auto il veettilekku pokum","he will watch a serial and then go home by auto tomorrow morning"
"onnu kathu vaayikku","please read a letter"
"namukku biriyani ishtamalla","we don't like biryani"
"njan nale raavile kavitha vaayikkum athu kazhinju auto il officilekku pokum","i will read a poem and then afterwards go to the office by auto tomorrow morning"
"achanu jalado und","dad has a cold"
"teacherinu biriyani venda","the teacher doesn't want biryani"
"aara vannu","who came"
"kuttikku dosa venamo","does the child want dosa"
"amma naale teachere vilikkum","mom will call the teacher tomorrow"
"teacherinu vishakkunnundo","is the teacher hungry"
"nee bankil aano","are you at the bank"
"avanu cricket ishtam aanu","he likes cricket"
"avalkku kann vedana illa","she doesn't have an eye pain"
"njan kazhinja aazhcha teachere vilichu pinne volleyball kalichu","i called the teacher last week and then played volleyball"
"teacher kazhinja aazhcha vyayamam cheythilla","the teacher didn't do exercise last week"
"onnu kozhi kazhikku","please eat chicken"
"chechi thrissuril aanu","my elder sister is in thrissur"
"achan kazhinja aazhcha manga kazhicho","did dad eat a mango last week"
"teacherinu oru veedu illa","the teacher doesn't have a house"
"ammakku ksheenam undo","is mom tired"
"njangal innale saree vaangi","we bought a saree yesterday"
"namukku serial kaanam","let's watch a serial"
"idathottu thirikku","turn left"
"nammal innale ucha kazhinju pathinonnu manikku irangi","we left at eleven in the afternoon yesterday"
"chechi innu puttu kazhikkunnu","my elder sister is eating puttu today"
"avar history padikkum pakshe nee padikkilla","they will study history but you won't"
"paattu kelkkenda","don't listen to songs"
"njaan kazhinja aazhcha key eduthilla","i didn't take the key last week"
"kutti avadhi divasangalil pustakam vaayikkilla","the child doesn't read books on holidays"
"avalude laptop sofayil und","her laptop is on the sofa"
"njangalkku oru chechi illa","we don't have an elder sister"
"ente chettan valare nalla aalu aanu","my elder brother is a very good person"
"avan pani cheytho","did he do the work"
"kathu vaayikkanda","don't read a letter"
"enikku randu kilo urulakizhangu venam","i need two kilos of potatoes"
"aval car il stationilekku pokum","she will go to the station by car"
"ee mundu pathu roopa aan","this mundu is 10 rupees"
"achan ippo serial kaanunnu","dad is watching a serial now"
"aval innu science padikkunnundo","is she studying science today"
"ningal randu divasam munpu schoolil vannoo","did you come to school two days ago"
"ningalkku thondayil vedana undo","do you have a sore throat"
"avarude appooppan thiruvananthapurathu aanu","their grandpa is in trivandrum"
"budhanaazhcha class illa","there is no class on wednesday"
"avan chess kalichu","he played chess"
"avarude amma hospitalil aanu","their mom is at the hospital"
"teacher hotelil aano","is the teacher at the hotel"
"ethu veedu","which house"
"njangalkku malayalam samsarikkan ariyilla","we can't speak malayalam"
"enikku computer upayogikkan ariyilla","i can't use a computer"
"onnu nilkku","wait a minute"
"avar hindi samsarikkum pakshe nee samsarikkilla","they will speak hindi but you won't"
"ningalkku vishakkunnundo","are you hungry"
"kutti vaikunneram pachakam cheyyilla","the child doesn't cook in the evening"
"nee ethra manikku ethi","what time did you reach"
"teacherinu ippo tension undu","the teacher is nervous right now"
"avarude key evideya","where is their key"
"ninakku kappi venda","you don't want coffee"
"njangalkku oru laptop venam","we want a laptop"
"kuttikku thanuppu ishtamalla","the child doesn't like cold weather"
"njaan innu rathri car il libraryilekku pokum ennitt malayalam samsarikkum","i will go to the library by car tonight and speak malayalam"
"namukku doctore vilikkam","let's call the doctor"
"chechi innu football match kaanunnu","my elder sister is watching the football match today"
"ninte chappal kattilil und","your slippers are on the bed"
"kutti ippo idli kazhikkunnilla","the child is not eating idli now"
"nammal innale raavile pathu manikku poyi","we went at ten in the morning yesterday"
"ippo nalla thanuppu aanu","it is cool now"
"chettan innu rathri yoga cheyyum athu kazhinju bus stopilekku pokum","my elder brother will do yoga and then afterwards go to the bus stop tonight"
"ninte sahayathinu nanni","thanks for your help"
"njangalkku whistle adikkan ariyilla","we can't whistle"
"achanu padikkan ishtamano","does dad like studying"
"chettan innu payasam undakkunnundo","is my elder brother making payasam today"
"namukku science padikkam","let's study science"
"amma innale ucha kazhinju aaru manikku urangi","mom slept at six in the afternoon yesterday"
"namukku chess kalikkam","let's play chess"
"achan adutha aazhcha veetil varilla","dad won't come home next week"
"ninakku urakkam varunnu","you are sleepy"
"aval adutha aazhcha chaya kudikkum athu kazhinju car il beachilekku pokum","she will drink tea and then afterwards go to the beach by car next week"
"nee adutha maasam dubaiyilekku pokum","you will go to dubai next month"
"teacher avadhi divasangalil bus il pokum","the teacher goes by bus on holidays"
"ammakku kann vedana undo","does mom have an eye pain"
"kutti innale ucha kazhinju naalu manikku urangi","the child slept at four in the afternoon yesterday"
"njangal marketil aanu","we are at the market"
"avan bike il groundilekku pokunnilla","he is not going to the ground by bike"
"njan ippo airportil illa","i am not at the airport now"
"chettanu kann vedana und","my elder brother has an eye pain"
"kuttikku chaya ishtamano","does the child like tea"
"achan nale nadannu collegilekku pokum athu kazhinju key edukkum","dad will go to college on foot tomorrow and then afterwards take the key"
"ammakku kappi venamo","does mom want coffee"
"namukku mail ezhuthaam","let's write an email"
"mazha ippo nilkkum","the rain will stop soon"
"avanu kai vedana und","he has a pain in the hand"
"kutti kazhinja maasam auto il hospitalilekku poyi","the child went to the hospital by auto last month"
"aval raavile tv kaanumo","does she watch tv in the morning"
"enikku arai kilo thakkali venam","i need half a kilo of tomatoes"
"teacherinu payasam ishtamano","does the teacher like payasam"
"nee delhiyil aan","you are in delhi"
"enikku jalado undu","i have a cold"
"enikku ippo vellam venam","i want water now"
"enikku car odikkan ariyilla","i can't drive a car"
"ninakku oru chechi illa","you don't have an elder sister"
"anchu kilo panchasara tharu","give me five kilos of sugar"
"avar innale raavile pathinonnu manikku poyi","they went at eleven in the morning yesterday"
"onnu yoga cheyyu","please do yoga"
"kutti auto il collegilekku pokunnundo","is the child going to college by auto"
"kuttikku oru question undo","does the child have a question"
"doctore vilikkenda","don't call the doctor"
"njangalude ammavan vakkeel aanu","our uncle is a lawyer"
"nee innu saree vaangunnilla","you are not buying a saree today"
"enikku oru lift tharamo","can you give me a lift"
"achanu thanuppu ishtam aanu","dad likes cold weather"
"achan innu nadannu theatreilekku pokunnundo","is dad going to the theatre on foot today"
"chettan innale vaikunneram pathinonnu manikku irangi","my elder brother left at eleven in the evening yesterday"
"kuttikku oru car illaa","the child doesn't have a car"
"ninte ammayi driver aanu","your aunt is a driver"
"amma kazhinja maasam flight il gulfilekku poyilla","mom didn't go to the gulf by flight last month"
"ente ammavan vakkeel aan","my uncle is a lawyer"
"chechi ippo bag edukkunnilla","my elder sister is not taking the bag now"
"enikk cinema ishtam aan","i like movies"
"njangal adutha aazhcha news kaanilla","we won't watch the news next week"
"nee enthina karayunne","why are you crying"
"kuttikku appam venda","the child doesn't want appam"
"budhanaazhcha njan free aanu","i am free on wednesday"
"ente aniyathi hospitalil aanu","my younger sister is at the hospital"
"njan kappi kudikkum pakshe aval kudikkilla","i will drink coffee but she won't"
"ammakku chaya venamo","does mom want tea"
"enikku car odikkan ariyam","i can drive a car"
"ente appooppan kozhikkodu aanu","my grandpa is in kozhikode"
"ente chechi buddhiyulla aalu aanu","my elder sister is a smart person"
"ninakku oru plan undo","do you have a plan"
"nee rathri cricket kalikkum","you play cricket at night"
"enikku vaayana ishtam aanu","i like reading"
"ee thorthu vila kooduthal aanu","this towel is too expensive"
"chettan innale photo eduthilla","my elder brother didn't take a photo yesterday"
"achan hotelil aanu","dad is at the hotel"
"njan innale dosa undakki pinne tamil samsarichu","i made dosa yesterday and then spoke tamil"
"ee laptop nooru roopa aanu","this laptop is 100 rupees"
"avan nale raavile pani cheyyum","he will do the work tomorrow morning"
"chettan innu raavile assignment cheythu","my elder brother did the assignment this morning"
"ammakku oru chaya venamo","does mom want a cup of tea"
"avan adutha aazhcha auto il hotelilekku pokum pinne oru kadha kelkkum","he will go to the hotel by auto next week and then listen to a story"
"njan chakka kazhikkum pakshe avar kazhikkilla","i will eat jackfruit but they won't"
"amma bankil aano","is mom at the bank"
"chechikku oru kada illa","my elder sister doesn't have a shop"
"aval ticket vaangum pakshe njan vaangilla","she will buy the ticket but i won't"
"ninakku payasam ishtam aanu","you like payasam"
"avarude ammavan gulfil aanu","their uncle is in the gulf"
"enikku ticket tharamo","can you give me a ticket"
"chettanu dosa venam","my elder brother wants dosa"
"chechikku kai vedana illa","my elder sister doesn't have a pain in the hand"
"njaan kazhinja aazhcha kathu ezhuthi pinne kappi kudichu","i wrote a letter last week and then drank coffee"
"ee team nalla aanu","this team is good"
"aval oru kadha kelkkunnu","she is listening to a story"
"ente kuppi kaaril und","my bottle is in the car"
"njangalude aniyathi kadakkaran aanu","our younger sister is a shopkeeper"
"njangal ambalathilekku pokum","we will go to the temple"
"ente ticket muriyil und","my ticket is in the room"
"achan pannirandu manikku irangum","dad will leave at twelve"
"chechi kazhinja aazhcha mumbaiyilekku poyi","my elder sister went to mumbai last week"
"nee randu divasam munpu serial kandu","you watched a serial two days ago"
"amma innu ambalathilekku pokunnundo","is mom going to the temple today"
"avalkku juice venamo","does she want juice"
"ee phone randaayiram roopa aan","this phone is 2000 rupees"
"valathottu thirikku","turn right"
"amma kazhinja maasam bike il collegilekku poyi","mom went to college by bike last month"
"achan chechiye vilikkunnundo","is dad calling my elder sister"
"chettan innu music kelkkunnilla","my elder brother is not listening to music today"
"avante aniyathi bangaloril aan","his younger sister is in bangalore"
"nee innu rathri car il groundilekku pokum ennitt saree vaangum","you will go to the ground by car tonight and buy a saree"
"nee oru malayalam paattu paadunnundo","are you singing a malayalam song"
"njangalude chechi doctor aan","our elder sister is a doctor"
"ee shirt irunooru roopa aanu","this shirt is 200 rupees"
"kuttikku paalu venamo","does the child want milk"
"nale budhanaazhcha aanu","tomorrow is wednesday"
"avanu vishakkunnilla","he is not hungry"
"kuttikku yathra ishtamalla","the child doesn't like travelling"
"namukku ice cream venda","we don't want ice cream"
"njangalude ammayi collegil aanu","our aunt is at college"
"aval innu rathri oru paattu paadumo","will she sing a song tonight"
"anchu kilo urulakizhangu tharu","give me five kilos of potatoes"
"teacher kazhinja aazhcha rahasyam paranju","the teacher told the secret last week"
"njangalkku chess kalikkan ariyilla","we can't play chess"
"teacher kazhinja aazhcha chappal vaangiyilla","the teacher didn't buy slippers last week"
"avarkku chess kalikkan ariyamo","can they play chess"
"ninte ammavan dubaiyil aanu","your uncle is in dubai"
"ninte kannadi evide","where are your glasses"
"kuttikku oru chaya venda","the child doesn't want a cup of tea"
"ammakku meen curry ishtamalla","mom doesn't like fish curry"
"ninakku deshyam und","you are angry"
"njan koottukaarane vilikkum pakshe aval vilikkilla","i will call a friend but she won't"
"karikku kudikku","drink tender coconut water"
"njangalude aniyathi thiruvananthapurathu aanu","our younger sister is in trivandrum"
"avan innu kottayathekku pokunnu","he is going to kottayam today"
"nammal veettilekku poyi","we went home"
"avar kazhinja aazhcha key edutho","did they take the key last week"
"avan innale report vaayichu pinne oru hindi paattu paadi","he read the report yesterday and then sang a hindi song"
"ente pustakam adukkalayil und","my book is in the kitchen"
"avalude pen sofayil undu","her pen is on the sofa"
"aval avadhi divasangalil tv kaanumo","does she watch tv on holidays"
"jaalakam thurakku","open the window"
"kuttikku urakkam varunnundo","is the child sleepy"
"ammakku lajja undo","is mom embarrassed"
"achanu nadum vedana undo","does dad have a backache"
"ente pen muriyil und","my pen is in the room"
"nee kavitha vaayikkunnundo","are you reading a poem"
"amma ippo puttu kazhikkunnundo","is mom eating puttu now"
"teacher raavile ezhu manikku varum","the teacher will come at seven in the morning"
"njan ippo chor undakkunnilla","i am not making rice now"
"njan collegil illaa","i am not at college"
"ee shoes irunooru roopa aan","this pair of shoes is 200 rupees"
"athu avante aanu","that is his"
"ninakku madhuram ishtamano","do you like sweets"
"ammakku appam venamo","does mom want appam"
"nee raavile naalu manikku ezhunnerkkum","you will wake up at four in the morning"
"achanu oru poocha undo","does dad have a cat"
"ellavarkkum sugham aano","is everyone doing well"
"nee avadhi divasangalil yoga cheyyum","you do yoga on holidays"
"ente chettan kadakkaran aan","my elder brother is a shopkeeper"
"avan kazhinja maasam science padichilla","he didn't study science last month"
"enikku charger tharamo","can you give me a charger"
"ningal chaya undakkunnundo","are you making tea"
"onnu kanakku cheyyu","please do the maths problems"
"njan oppam illa","i am not with you on this"
"avalkku oru phone illa","she doesn't have a phone"
"achanu oru aniyathi undo","does dad have a younger sister"
"achan ennum bus il pokumo","does dad go by bus every day"
"teacher innu bus il stationilekku pokunnu","the teacher is going to the station by bus today"
"njangal innale vaikunneram onnu manikku poyi","we went at one in the evening yesterday"
"avar nale auto il officilekku pokum athu kazhinju computer padikkum","they will go to the office by auto tomorrow and then afterwards study computer science"
"achanu vishakkunnundo","is dad hungry"
"teacherinu dance cheyyan ariyam","the teacher can dance"
"avalude chechi doctor aanu","her elder sister is a doctor"
"chechi maths padichilla","my elder sister didn't study maths"
"avar innu rathri ticket edukkilla","they won't take the ticket tonight"
"ee laptop irunooru roopa aanu","this laptop is 200 rupees"
"njan adutha aazhcha dosa undakkum","i will make dosa next week"
"namukku bag edukkam","let's take the bag"
"avalude aniyathi engineer aan","her younger sister is an engineer"
"ninakku biriyani venda","you don't want biryani"
"ee mundu enikku ishtamayi","i liked this mundu"
"avar ivide vannu","they came here"
"sorry da","sorry bro"
"njangalude bag evide","where is our bag"
"achanu cycle chavittan ariyamo","can dad ride a bicycle"
"teacher kazhinja maasam bankilekku poyilla","the teacher didn't go to the bank last month"
"avan hindi samsarikkum pakshe aval samsarikkilla","he will speak hindi but she won't"
"chettan nale raavile biriyani kazhikkumo","will my elder brother eat biryani tomorrow morning"
"nee vaikunneram pathinonnu manikku ethum","you will reach at eleven in the evening"
"ninak pani undo","do you have a fever"
"avalude achan schoolil aan","her dad is at school"
"teacher raavile bus il pokum","the teacher goes by bus in the morning"
"nee innu rathri idli kazhikkumo","will you eat idli tonight"
"achan innu raavile juice kudichilla","dad didn't drink juice this morning"
"avanu daahikkunnundo","is he thirsty"
"njan nale auto il groundilekku pokum ennitt oru kadha parayum","i will go to the ground by auto tomorrow and tell a story"
"kuttikku oru kuda undo","does the child have an umbrella"
"avan ippo homework cheyyunnu","he is doing homework now"
"avan innale hospitalil aayirunnu","he was at the hospital yesterday"
"teacherinu payasam venamo","does the teacher want payasam"
"njan randu divasam munpu chor kazhichilla","i didn't eat rice two days ago"
"aval adutha maasam science padikkumo","will she study science next month"
"kuttikku kappi ishtam aanu","the child likes coffee"
"avan innu alappuzhayilekku pokunnundo","is he going to alappuzha today"
"achanu guitar vaayikkan ariyam","dad can play the guitar"
"njangal rathri bus il pokilla","we don't go by bus at night"
"ninakku bike odikkan ariyilla","you can't ride a bike"
"ammakku kann vedana illa","mom doesn't have an eye pain"
"avanu oru cycle undo","does he have a bicycle"
"chechikku oru doubt undo","does my elder sister have a doubt"
"njan innale vaikunneram aaru manikku ethi","i reached at six in the evening yesterday"
"kuttikku bhayam aayirunnu","the child was scared"
"ente key kaaril undu","my key is in the car"
"aval ippo chakka kazhikkunnundo","is she eating jackfruit now"
"avan innale vaikunneram pathinonnu manikku urangi","he slept at eleven in the evening yesterday"
"njaan raavile naalu manikku varum","i will come at four in the morning"
"vaikunneram chaya kudikkum","i have tea in the evening"
"njangal innale pani cheythu pinne mail ezhuthi","we did the work yesterday and then wrote an email"
"ninte pustakam kattilil und","your book is on the bed"
"ammakku oru doubt undo","does mom have a doubt"
"avan innale vaikunneram pannirandu manikku vannu","he came at twelve in the evening yesterday"
"avan train il kozhikkodekku pokunnu","he is going to kozhikode by train"
"chettan ippo yoga cheyyunnu","my elder brother is doing yoga now"
"ente achan nalla aalu aanu","my dad is a good person"
"chechikku oru chaya venda","my elder sister doesn't want a cup of tea"
"aval nale raavile assignment cheyyum athu kazhinju hospitalilekku pokum","she will do the assignment and then afterwards go to the hospital tomorrow morning"
"njangalude chettan nurse aan","our elder brother is a nurse"
"chettanu ippol oru help venam","my elder brother wants some help now"
"avarude phone evide","where is their phone"
"ee pen vila kooduthal aanu","this pen is too expensive"
"avarude watch evide","where is their watch"
"amma hindi samsarikkunnu","mom is speaking hindi"
"avar kazhinja aazhcha tamil samsarichu pinne novel vaayichu","they spoke tamil last week and then read a novel"
"chechikku juice venamo","does my elder sister want juice"
"ente amma ambalathil aanu","my mom is at the temple"
"enikku yathra ishtam aanu","i like travelling"
"nee kazhinja maasam train il kochiyilekku poyi","you went to kochi by train last month"
"njangalkku kaal vedana und","we have a leg pain"
"chettan kazhinja maasam kavitha ezhuthi","my elder brother wrote a poem last month"
"kutti thiruvananthapurathu aanu","the child is in trivandrum"
"chettanu nadum vedana und","my elder brother has a backache"
"chettan innu kannurilekku pokunnu","my elder brother is going to kannur today"
"kutti kazhinja maasam flight il delhiyilekku poyi","the child went to delhi by flight last month"
"nammal innale collegil aayirunnu","we were at college yesterday"
"avar nale raavile oru kadha parayum","they will tell a story tomorrow morning"
"chettan tamil samsarikkunnundo","is my elder brother speaking tamil"
"chettan kollathekku pokunnundo","is my elder brother going to kollam"
"ente achan mumbaiyil aanu","my dad is in mumbai"
"avarkku english samsarikkan ariyilla","they can't speak english"
"avante pustakam veettil und","his book is at home"
"nee randu divasam munpu kanakku cheythilla","you didn't do the maths problems two days ago"
"avan ellaa aazhchayum pustakam vaayikkilla","he doesn't read books every week"
"avante chechi pachakkaran aanu","his elder sister is a cook"
"avar ennum vegam ezhunnerkkumo","do they wake up early every day"
"nee hotelil aano","are you at the hotel"
"kuttikku biriyani venamo","does the child want biryani"
"oru break edukku","take a break"
"chechi adutha aazhcha hindi samsarikkilla","my elder sister won't speak hindi next week"
"njangalude aniyathi kadayil aanu","our younger sister is at the shop"
"aval deshyam vegam varunna aalu aan","she is a short-tempered person"
"entho patti","something happened"
"avarkku kaal vedana undo","do they have a leg pain"
"amma randu divasam munpu oru break eduthu","mom took a break two days ago"
"achanu oru idea undo","does dad have an idea"
"nammal rathri veettil pani cheyyum","we do chores at home at night"
"achan appam kazhicho","did dad eat appam"
"achanu pachakkari ishtam aan","dad likes vegetables"
"ente chettan thrissuril aanu","my elder brother is in thrissur"
"aval innale raavile anchu manikku irangi","she left at five in the morning yesterday"
"onnu hindi samsarikku","please speak hindi"
"njangalkku cricket ishtamalla","we don't like cricket"
"chettan nale veettil varum","my elder brother will come home tomorrow"
"teacherinu oru puthiya phone venda","the teacher doesn't want a new phone"
"enikku arai litre velichenna venam","i need half a litre of coconut oil"
"avar pathu manikku pokum","they will go at ten"
"aval adutha maasam assignment ezhuthum","she will write the assignment next month"
"kutti car il alappuzhayilekku poyi","the child went to alappuzha by car"
"chechi aazhchayil onnu bus il pokilla","my elder sister doesn't go by bus once a week"
"nee vaikunneram sadhanam vaangan pokumo","do you go shopping in the evening"
"chettanu dance cheyyan ariyilla","my elder brother can't dance"
"avalude ticket adukkalayil und","her ticket is in the kitchen"
"ninte chettan kottayathu aanu","your elder brother is in kottayam"
"achan nale raavile car il bus stopilekku pokum pinne doctore vilikkum","dad will go to the bus stop by car tomorrow morning and then call the doctor"
"avarkku tension illa","they are not nervous"
"ee saree randaayiram roopa aanu","this saree is 2000 rupees"
"teacherinu thalavedana undo","does the teacher have a headache"
"avanu hindi samsarikkan ariyam","he can speak hindi"
"avar nale raavile oru leave edukkilla","they won't take a leave tomorrow morning"
"nammal hospitalil aanu","we are at the hospital"
"ninakku paadan ariyamo","can you sing"
"achanu vayaru vedana und","dad has a stomach ache"
"ente chettan doctor aanu","my elder brother is a doctor"
"chechikku paalu venam","my elder sister wants milk"
"ammakku pachakam cheyyan ariyilla","mom can't cook"
"tamil samsarikku","speak tamil"
"ammakku biriyani ishtam aanu","mom likes biryani"
"avalkku car odikkan ariyilla","she can't drive a car"
"avar innu raavile collegil aayirunnu","they were at college this morning"
"avalude chappal evide","where are her slippers"
"teacherinu thondayil vedana undo","does the teacher have a sore throat"
"chettan photo edukkunnilla","my elder brother is not taking a photo"
"avar ennum urangilla","they don't sleep every day"
"nammal innu rathri nadannu hospitalilekku pokilla","we won't go to the hospital on foot tonight"
"njangalkku oru cycle und","we have a bicycle"
"chechi innu rathri oru malayalam paattu paadum","my elder sister will sing a malayalam song tonight"
"avanu dosa venamo","does he want dosa"
"avanu neenthan ariyamo","can he swim"
"chettan ippol groundil illaa","my elder brother is not at the ground now"
"teacher kazhinja aazhcha car il veettilekku poyi","the teacher went home by car last week"
"avalude key evide","where is her key"
"enikku cinema ishtamalla","i don't like movies"
"nee innale libraryilekku poyo","did you go to the library yesterday"
"chettanu dance cheyyan ariyam","my elder brother can dance"
"nee nale magazine vaayikkum athu kazhinju bus il bus stopilekku pokum","you will read a magazine and then afterwards go to the bus stop by bus tomorrow"
"avarude appooppan doctor aanu","their grandpa is a doctor"
"ee pustakam irunooru roopa aan","this book is 200 rupees"
"teacherinu oru car undo","does the teacher have a car"
"ee phone nooru roopa aanu","this phone is 100 rupees"
"ninakku mazha ishtamalla","you don't like the rain"
"ninakku sugamano","are you doing well"
"ninte key alamarayil und","your key is in the cupboard"
"nee vaikunneram sadhanam vaangan pokilla","you don't go shopping in the evening"
"ninte ammavan ambalathil aan","your uncle is at the temple"
"chechikku dance cheyyan ariyilla","my elder sister can't dance"
"achanu chor venam","dad wants rice"
"avalude charger evide","where is her charger"
"kutti randu divasam munpu ivide vannu","the child came here two days ago"
"ninte amma police aanu","your mom is a police officer"
"nee nale ivide varum","you will come here tomorrow"
"avan innu kanakku cheyyunnilla","he is not doing the maths problems today"
"avarude appooppan veettil aanu","their grandpa is at home"
"avan ellaa aazhchayum kadha ezhuthilla","he doesn't write stories every week"
"kuttikku thalavedana undo","does the child have a headache"
"chechikku vishakkunnundo","is my elder sister hungry"
"aval paalu kudikkum pakshe avan kudikkilla","she will drink milk but he won't"
"avalkku guitar vaayikkan ariyamo","can she play the guitar"
"kutti nale paalu kudikkumo","will the child drink milk tomorrow"
"avarude ammachi palakkadu aan","their grandma is in palakkad"
"kathu ezhuthenda","don't write a letter"
"ninte watch alamarayil und","your watch is in the cupboard"
"achanu thondayil vedana illaa","dad doesn't have a sore throat"
"namukku kappi venam","we want coffee"
"namukku oru kadha kelkkam","let's listen to a story"
"avarkku daahikkunnundo","are they thirsty"
"nammal nale raavile kozhi kazhikkilla","we won't eat chicken tomorrow morning"
"chechi ippol bike il beachilekku pokunnundo","is my elder sister going to the beach by bike now"
"onnu payasam undakku","please make payasam"
"avalude watch muriyil und","her watch is in the room"
"enikku madhuram ishtam aanu","i like sweets"
"amma bag edukkunnilla","mom is not taking the bag"
"randu litre juice tharu","give me two litres of juice"
"ninte kannadi alamarayil und","your glasses are in the cupboard"
"njaan naale raavile maths padikkum athu kazhinju auto il officilekku pokum","i will study maths and then afterwards go to the office by auto tomorrow morning"
"nere pokoo","go straight"
"ee mundu anpathu roopa aanu","this mundu is 50 rupees"
"nee avadhi divasangalil urangumo","do you sleep on holidays"
"njangal auto il ambalathilekku pokunnu","we are going to the temple by auto"
"amma ippol car il kottayathekku pokunnu","mom is going to kottayam by car now"
"avarkku paalu venda","they don't want milk"
"chechi hospitalil aanu","my elder sister is at the hospital"
"ningal randu divasam munpu meen curry undakkiyo","did you make fish curry two days ago"
"avar ippo history padikkunnilla","they are not studying history now"
"ente achan pachakkaran aan","my dad is a cook"
"avanu kurachu vellam venamo","does he want some water"
"njan kazhinja aazhcha payasam kazhichilla","i didn't eat payasam last week"
"urakkam varunnu","i am feeling sleepy"
"njan badminton kalikkum pakshe avar kalikkilla","i will play badminton but they won't"
"ente chettan buddhiyulla aalu aanu","my elder brother is a smart person"
"ammakku cycle chavittan ariyilla","mom can't ride a bicycle"
"njangalkku jalado und","we have a cold"
"avalude key sofayil und","her key is on the sofa"
"chettanu daahikkunnundo","is my elder brother thirsty"
"chechi innale pariksha ezhuthi","my elder sister wrote the exam yesterday"
"pani cheyyenda","don't do the work"
"ninte charger kattilil undu","your charger is on the bed"
"avarude ammayi driver aan","their aunt is a driver"
"ninte key sofayil undu","your key is on the sofa"
"amma kazhinja aazhcha ivide vannoo","did mom come here last week"
"amma nale podcast kelkkumo","will mom listen to a podcast tomorrow"
"chechi innu rathri vyayamam cheyyilla","my elder sister won't do exercise tonight"
"chechikku appam venda","my elder sister doesn't want appam"
"chettan chilappol tv kaanumo","does my elder brother watch tv sometimes"
"ee saree anchaayiram roopa aanu","this saree is 5000 rupees"
"chechikku mazha ishtamano","does my elder sister like the rain"
"kuttikku neenthan ariyilla","the child can't swim"
"avanu ippo kurachu vellam venam","he wants some water now"
"njangal kazhinja aazhcha hospitalil aayirunnu","we were at the hospital last week"
"avante kannadi evide","where are his glasses"
"amma car il hotelilekku pokunnundo","is mom going to the hotel by car"
"aval innu tamil samsarikkunnu","she is speaking tamil today"
"njan adutha aazhcha pathram vaayikkum","i will read the newspaper next week"
"avar adutha aazhcha video kaanum athu kazhinju bike il stationilekku pokum","they will watch a video and then afterwards go to the station by bike next week"
"avan randu divasam munpu volleyball kalicho","did he play volleyball two days ago"
"avanu pachakam cheyyan ariyamo","can he cook"
"njan innu science padikkunnu","i am studying science today"
"njan nale raavile dosa kazhikkum","i will eat dosa tomorrow morning"
"achanu ice cream venamo","does dad want ice cream"
"namukku kappi ishtam aanu","we like coffee"
"achanu whistle adikkan ariyam","dad can whistle"
"avalkku oru car undo","does she have a car"
"aval kazhinja aazhcha bankil aayirunnu","she was at the bank last week"
"aval innu chaya kudikkunnu","she is drinking tea today"
"teacherinu kazhuthu vedana illa","the teacher doesn't have a neck pain"
"njangalkku beach ishtam aanu","we like the beach"
"amma raavile pathram vaayikkumo","does mom read the newspaper in the morning"
"chettan innu rathri bike il bus stopilekku pokum ennitt serial kaanum","my elder brother will go to the bus stop by bike tonight and watch a serial"
"chechikku oru kuda und","my elder sister has an umbrella"
"ente charger officil und","my charger is at the office"
"chechi kazhinja maasam english samsarichu","my elder sister spoke english last month"
"nee innale oru pazhaya paattu paadi pinne video kandu","you sang an old song yesterday and then watched a video"
"namukku thanuppu ishtamalla","we don't like cold weather"
"avan deshyam vegam varunna aalu aanu","he is a short-tempered person"
"pani kitti","i got into trouble"
"ennu kalyanam","when is the wedding"
"avante aniyan kottayathu aan","his younger brother is in kottayam"
"avarkku whistle adikkan ariyam","they can whistle"
"avante appooppan evideya","where is his grandpa"
"ithu onnu nokkamo","can you take a look at this"
"nammal kozhi kazhikkunnilla","we are not eating chicken"
"kuttikku thondayil vedana undo","does the child have a sore throat"
"namukku kathu vaayikkam","let's read a letter"
"njan innale juice kudichu pinne kavitha vaayichu","i drank juice yesterday and then read a poem"
"avan cricket match kaanunnundo","is he watching the cricket match"
"kutti naale raavile soda kudikkum","the child will drink soda tomorrow morning"
"achanu kurachu samayam venamo","does dad want some time"
"onnu notes ezhuthu","please write notes"
"nammal ippo marketil illa","we are not at the market now"
"avalude appooppan theatreil aanu","her grandpa is at the theatre"
"achan nale raavile bike il collegilekku pokum athu kazhinju koottukaarane vilikkum","dad will go to college by bike tomorrow morning and then afterwards call a friend"
"avarkku cycle chavittan ariyamo","can they ride a bicycle"
"bag edukkenda","don't take the bag"
"cricket kalikkenda","don't play cricket"
"avan video kaanunnilla","he is not watching a video"
"namukku nannayi ezhuthan ariyilla","we can't write well"
"achan ippo kavitha ezhuthunnu","dad is writing a poem now"
"avante key sofayil und","his key is on the sofa"
"avante watch alamarayil und","his watch is in the cupboard"
"kuttikku oru kuda venamo","does the child want an umbrella"
"achan ippo meen kazhikkunnundo","is dad eating fish now"
"avanu bhayam illa","he is not scared"
"chettan kazhinja maasam football match kandu","my elder brother watched the football match last month"
"ente chappal mejayil und","my slippers are on the table"
"ninte aniyathi kadakkaran aanu","your younger sister is a shopkeeper"
"avarude aniyathi palakkadu aanu","their younger sister is in palakkad"
"chechikku vishakkunnilla","my elder sister is not hungry"
"kutti nale raavile car il groundilekku pokum","the child will go to the ground by car tomorrow morning"
"shaniyaazhcha class illa","there is no class on saturday"
"ente teacher nalla aalu aanu","my teacher is a good person"
"ninak ippol oru laptop venam","you want a laptop now"
"aval thamasha parayunna aalu aanu","she is a funny person"
"achan nale officilekku pokumo","will dad go to the office tomorrow"
"avan oru paattu paadum pakshe aval paadilla","he will sing a song but she won't"
"njan charge cheyyatte","let me charge it"
"nee ucha kazhinju onnu manikku irangum","you will leave at one in the afternoon"
"avar adutha aazhcha kuda vaangumo","will they buy an umbrella next week"
"teacher ippo cricket match kaanunnundo","is the teacher watching the cricket match now"
"aval chaya undakkunnundo","is she making tea"
"kutti key eduthilla","the child didn't take the key"
"onnu oru hindi paattu paadu","please sing a hindi song"
"avante kannadi veettil und","his glasses are at home"
"avalkku payasam venda","she doesn't want payasam"
"avar innu rathri manga kazhikkum ennitt bike il schoolilekku pokum","they will eat a mango and go to school by bike tonight"
"chappal vaangu","buy slippers"
"avar nale shirt vaangumo","will they buy a shirt tomorrow"
"teacher computer padikkunnundo","is the teacher studying computer science"
"kutti nale oru break edukkum","the child will take a break tomorrow"
"chechikku juice venda","my elder sister doesn't want juice"
"avan theatreil aayirunno","was he at the theatre"
"aval raavile cricket kalikkum","she plays cricket in the morning"
"chettan innu rathri bus il kadayilekku pokumo","will my elder brother go to the shop by bus tonight"
"achane vilikkenda","don't call dad"
"vaathil adakku","close the door"
"avan innu raavile malayalam samsaricho","did he speak malayalam this morning"
"avarkku kai vedana illa","they don't have a pain in the hand"
"avante ammavan engineer aan","his uncle is an engineer"
"kuttikku ippol oru kuda venam","the child wants an umbrella now"
"chechi ippo podcast kelkkunnundo","is my elder sister listening to a podcast now"
"namukku vellam kudikkam","let's drink water"
"kutti innu kavitha ezhuthunnu","the child is writing a poem today"
"avante kuda bagil undu","his umbrella is in the bag"
"amma innale beachil aayirunnu","mom was at the beach yesterday"
"namukku oru chaya venam","we want a cup of tea"
"aval raavile pustakam vaayikkumo","does she read books in the morning"
"njan pokunnu","i am leaving"
"chechikku kappi venda","my elder sister doesn't want coffee"
"njangalude chechi karshakan aanu","our elder sister is a farmer"
"nee kazhinja aazhcha bus il bangaloreilekku poyilla","you didn't go to bangalore by bus last week"
"achanu oru pen und","dad has a pen"
"ninte pustakam adukkalayil und","your book is in the kitchen"
"njangalkku oru problem und","we have a problem"
"avalkku sankadam illa","she is not sad"
"avar innale radio kettu pinne computer padichu","they listened to the radio yesterday and then studied computer science"
"ninakku ksheenam illa","you are not tired"
"njangalkku kurachu vellam venda","we don't want some water"
"avan adutha maasam oru break edukkumo","will he take a break next month"
"namukku pani cheyyam","let's do the work"
"avar bus stopil aano","are they at the bus stop"
"avarkku chithram varakkan ariyilla","they can't draw"
"avalkku whistle adikkan ariyilla","she can't whistle"
"ninte number onnu tharamo","can you give me your number"
"teacher stationil aano","is the teacher at the station"
"avan kathu vaayicho","did he read a letter"
"avan bus il groundilekku pokunnilla","he is not going to the ground by bus"
"chechi innale raavile pannirandu manikku ezhunnettu","my elder sister woke up at twelve in the morning yesterday"
"theatre il pokam","let's go to the theatre"
"achanu neenthan ariyam","dad can swim"
"enthaanu sambhavam","what happened"
"njan ariyilla","i don't know"
"avarkku oru naayi undo","do they have a dog"
"enikku ninte notes tharamo","can you give me your notes"
"achan innu mail ezhuthunnundo","is dad writing an email today"
"chechi adutha maasam train il kollathekku pokum","my elder sister will go to kollam by train next month"
"enthaa vishesham","what's up"
"avalkku urakkam varunnu","she is sleepy"
"shaniyaazhcha avadhi aan","saturday is a holiday"
"avan ippo kozhi kazhikkunnilla","he is not eating chicken now"
"ente ammavan kashtappettu pani cheyyunna aalu aanu","my uncle is a hard-working person"
"avide ethra aalkkar und","how many people are there"
"avar avadhi divasangalil kulikkilla","they don't take a bath on holidays"
"avar innale raavile pannirandu manikku ezhunnettu","they woke up at twelve in the morning yesterday"
"njan nale raavile appam kazhikkum pinne hotelilekku pokum","i will eat appam and then go to the hotel tomorrow morning"
"aval ucha kazhinju anchu manikku pokum","she will go at five in the afternoon"
"chechi nale raavile car il hotelilekku pokum ennitt news kelkkum","my elder sister will go to the hotel by car tomorrow morning and listen to the news"
"avanu cycle chavittan ariyilla","he can't ride a bicycle"
"nee kathu vaayikkunnu","you are reading a letter"
"namukku beach ishtamalla","we don't like the beach"
"teacher innale raathri moonu manikku urangi","the teacher slept at three at night yesterday"
"teacherinu appam venam","the teacher wants appam"
"teacher ucha kazhinju pathinonnu manikku urangum","the teacher will sleep at eleven in the afternoon"
"ninakku ippo ice cream venam","you want ice cream now"
"amma innale meen kazhicho","did mom eat fish yesterday"
"teacher ellaa aazhchayum chaya kudikkilla","the teacher doesn't drink tea every week"
"achanu ice cream venda","dad doesn't want ice cream"
"avarkku thondayil vedana und","they have a sore throat"
"teacher avadhi divasangalil chaya kudikkum","the teacher drinks tea on holidays"
"chettan nadannu stationilekku pokunnu","my elder brother is going to the station on foot"
"amma marketil illa","mom is not at the market"
"njangalkku sankadam illa","we are not sad"
"ningalkku oru car undo","do you have a car"
"ninakku neenthan ariyamo","can you swim"
"nee raavile paattu kelkkilla","you don't listen to songs in the morning"
"njangal innu rathri auto il officilekku pokum","we will go to the office by auto tonight"
"enikku oru doubt illa","i don't have a doubt"
"chechi photo edukkilla","my elder sister won't take a photo"
"aval ippo yoga cheyyunnu","she is doing yoga now"
"kutti vaikunneram aaru manikku pokum","the child will go at six in the evening"
"chettan innale bus il veettilekku poyi","my elder brother went home by bus yesterday"
"ammakku kappi ishtam aan","mom likes coffee"
"avalude ammavan kadakkaran aanu","her uncle is a shopkeeper"
"avan nale raavile bus il stationilekku pokum pinne oru nunna parayum","he will go to the station by bus tomorrow morning and then tell a lie"
"chechi raavile bus il pokumo","does my elder sister go by bus in the morning"
"njan libraryil illaa","i am not at the library"
"ente battery theernnu","my phone battery is dead"
"chettan raathri onpathu manikku urangum","my elder brother will sleep at nine at night"
"ammakku beach ishtamalla","mom doesn't like the beach"
"kutti marketil aano","is the child at the market"
"achanu oru puthiya phone venam","dad wants a new phone"
"ningalkku oru puthiya phone venamo","do you want a new phone"
"ente amma kashtappettu pani cheyyunna aalu aanu","my mom is a hard-working person"
"ammakku bhayam aayirunnu","mom was scared"
"avar chaya undakkum pakshe njan undakkilla","they will make tea but i won't"
"ente chettan gulfil aanu","my elder brother is in the gulf"
"flight eppozha","when is the flight"
"achanu oru help venamo","does dad want some help"
"aval ennum cricket kalikkum","she plays cricket every day"
"teacherinu oru laptop venam","the teacher wants a laptop"
"ee mundu vila kooduthal aanu","this mundu is too expensive"
"nee innu raavile chakka kazhichu","you ate jackfruit this morning"
"onnu dosa undakku","please make dosa"
"avanu nannayi ezhuthan ariyamo","can he write well"
"enikku anchu kilo uppu venam","i need five kilos of salt"
"avante amma pachakkaran aanu","his mom is a cook"
"kuttikku pallu vedana undo","does the child have a toothache"
"ninte ammayi doctor aanu","your aunt is a doctor"
"amma ippo oru paattu paadunnu","mom is singing a song now"
"njangalkku chess kalikkan ariyam","we can play chess"
"avarude aniyathi karshakan aanu","their younger sister is a farmer"
"kuttikku oru phone illa","the child doesn't have a phone"
"njan ippo thanne kazhichu","i just ate"
"avar stationil aano","are they at the station"
"kuttikku oru cycle undo","does the child have a bicycle"
"velliyaazhcha namukku kaanam","let's meet on friday"
"ee pen mosham aanu","this pen is bad"
"avante key kaaril und","his key is in the car"
"aval nale raavile photo edukkum ennitt nadannu collegilekku pokum","she will take a photo and go to college on foot tomorrow morning"
"chechi kazhinja maasam serial kando","did my elder sister watch a serial last month"
"teacherinu thalavedana und","the teacher has a headache"
"aval adutha aazhcha car il delhiyilekku pokumo","will she go to delhi by car next week"
"chechi innu rathri bike il airportilekku pokum pinne science padikkum","my elder sister will go to the airport by bike tonight and then study science"
"ente ammavan shradhayulla aalu aanu","my uncle is a careful person"
"avan innale english samsarichu pinne oru paattu paadi","he spoke english yesterday and then sang a song"
"avarkku kaal vedana undu","they have a leg pain"
"avar rathri veettil pani cheyyilla","they don't do chores at home at night"
"avalude ammayi driver aanu","her aunt is a driver"
"njan hospital il pokunnu","i am going to the hospital"
"nee mutta kazhikkum pakshe avan kazhikkilla","you will eat an egg but he won't"
"avanu kann vedana und","he has an eye pain"
"avanu deshyam aayirunnu","he was angry"
"ninak english samsarikkan ariyaam","you can speak english"
"aval science padikkum pakshe avan padikkilla","she will study science but he won't"
"kutti randu divasam munpu cartoon kando","did the child watch a cartoon two days ago"
"avarkku biriyani ishtamano","do they like biryani"
"njangal innu raavile pustakam vaayichilla","we didn't read a book this morning"
"amma ippo music kelkkunnilla","mom is not listening to music now"
"avalude ammachi doctor aan","her grandma is a doctor"
"kozhi kazhikkanda","don't eat chicken"
"ammakku cricket ishtam aanu","mom likes cricket"
"kutti ippol kappi kudikkunnundo","is the child drinking coffee now"
"chettanu kazhuthu vedana undo","does my elder brother have a neck pain"
"ee bus kochi pokumo","does this bus go to kochi"
"ninakku deshyam aayirunnu","you were angry"
"nammal innu raavile theatreil aayirunnu","we were at the theatre this morning"
"aval innale doctore vilichilla","she didn't call the doctor yesterday"
"avan innu rathri bike il officilekku pokum pinne doctore vilikkum","he will go to the office by bike tonight and then call the doctor"
"kutti ennum pustakam vaayikkum","the child reads books every day"
"kavitha vaayikkanda","don't read a poem"
"namukku carroms kalikkam","let's play carrom"
"ninte achan enthu cheyyunnu","what does your father do"
"avar nale nadannu marketilekku pokum ennitt cricket kalikkum","they will go to the market on foot tomorrow and play cricket"
"kutti innale officil vannoo","did the child come to the office yesterday"
"avarkku oru chettan undo","do they have an elder brother"
"avan chilappol paattu kelkkilla","he doesn't listen to songs sometimes"
"ee pustakam enikku ishtamayi","i liked this book"
"njan kazhinja aazhcha english samsarichu pinne message vaayichu","i spoke english last week and then read the message"
"ammakku kaal vedana und","mom has a leg pain"
"aval nale stationilekku pokum","she will go to the station tomorrow"
"namukku oru malayalam paattu paadam","let's sing a malayalam song"
"ente chettan vakkeel aanu","my elder brother is a lawyer"
"chechi bus stopil aano","is my elder sister at the bus stop"
"aval pachakkari vaangi","she bought vegetables"
"nee mumbaiyil aanu","you are in mumbai"
"ee kuppi enikk ishtamayi","i liked this bottle"
"avanu paalu venamo","does he want milk"
"njan oru nunna parayum pakshe nee parayilla","i will tell a lie but you won't"
"ente boss deshyam vegam varunna aalu aanu","my boss is a short-tempered person"
"chechi vaikunneram paattu kelkkilla","my elder sister doesn't listen to songs in the evening"
"avarude aniyan mumbaiyil aanu","their younger brother is in mumbai"
"hindi samsarikku","speak hindi"
"ninte kuppi evide","where is your bottle"
"aval hotelil aano","is she at the hotel"
"ente chechi shradhayulla aalu aanu","my elder sister is a careful person"
"kutti chilappol bus il pokumo","does the child go by bus sometimes"
"onnu appam kazhikku","please eat appam"
"avan naale hindi samsarikkum","he will speak hindi tomorrow"
"kuttikku kazhuthu vedana illa","the child doesn't have a neck pain"
"njangalkku kappi venda","we don't want coffee"
"chechi ippo payasam kazhikkunnundo","is my elder sister eating payasam now"
"avarkku biriyani venda","they don't want biryani"
"aval kazhinja aazhcha mail ezhuthi pinne cricket kalichu","she wrote an email last week and then played cricket"
"chettan innale nattil vannu","my elder brother came to my hometown yesterday"
"teacherinu bhayam undo","is the teacher scared"
"nee raathri aaru manikku irangum","you will leave at six at night"
"anchu kilo aappil tharu","give me five kilos of apples"
"avan fail aayi","he failed"
"aval libraryil aayirunno","was she at the library"
"avan cricket kalikkum pakshe nee kalikkilla","he will play cricket but you won't"
"avar ennum nadakkan pokilla","they don't go for a walk every day"
"avan innu rathri nadannu marketilekku pokum athu kazhinju doctore vilikkum","he will go to the market on foot tonight and then afterwards call the doctor"
"achan nale raavile oru hindi paattu paadum","dad will sing a hindi song tomorrow morning"
"achanu chaya ishtamano","does dad like tea"
"chechi innale football kalichu","my elder sister played football yesterday"
"avarude chettan kannuril aanu","their elder brother is in kannur"
"ammakku pani undo","does mom have work"
"enikku randu kilo manga venam","i need two kilos of mangoes"
"chettan kavitha vaayikkunnundo","is my elder brother reading a poem"
"amma naale car il groundilekku pokum ennitt chaya kudikkum","mom will go to the ground by car tomorrow and drink tea"
"avalkku kali ishtamalla","she doesn't like playing games"
"njangalude appooppan teacher aanu","our grandpa is a teacher"
"achan english samsarikkunnu","dad is speaking english"
"namukku bag vaangam","let's buy a bag"
"avalude kuda kattilil undu","her umbrella is on the bed"
"aval malayalam samsarikkilla","she won't speak malayalam"
"teacher innale vaikunneram onnu manikku poyi","the teacher went at one in the evening yesterday"
"ningal serial kaanumo","will you watch a serial"
"chettan raavile urangilla","my elder brother doesn't sleep in the morning"
"avan valare nalla aalu aanu","he is a very good person"
"amma assignment cheyyunnundo","is mom doing the assignment"
"njangalkku oru help venda","we don't want some help"
"njangal nale raavile badminton kalikkum athu kazhinju bus il bankilekku pokum","we will play badminton and then afterwards go to the bank by bus tomorrow morning"
"aval kazhinja aazhcha car il palakkadekku poyi","she went to palakkad by car last week"
"njaan naale rahasyam parayum athu kazhinju car il schoolilekku pokum","i will tell the secret and then afterwards go to school by car tomorrow"
"ninakku oru aniyathi undo","do you have a younger sister"
"avar adutha maasam assignment ezhuthilla","they won't write the assignment next month"
"enikku oru pen venda","i don't want a pen"
"ningalkku oru pen venamo","do you want a pen"
"nammal adutha aazhcha gulfilekku pokilla","we won't go to the gulf next week"
"namukku car odikkan ariyam","we can drive a car"
"nammal kazhinja maasam chapathi kazhichilla","we didn't eat chapathi last month"
"change illa","i don't have change"
"chemistry padikku","study chemistry"
"ee shoes randaayiram roopa aanu","this pair of shoes is 2000 rupees"
"njaan innu auto il bus stopilekku pokunnu","i am going to the bus stop by auto today"
"chechi adutha aazhcha bus il hospitalilekku pokum","my elder sister will go to the hospital by bus next week"
"achan innu dosa undakkunnundo","is dad making dosa today"
"aval vaikunneram bus il pokilla","she doesn't go by bus in the evening"
"avarude appooppan evide","where is their grandpa"
"nee nale raavile magazine vaayikkum athu kazhinju libraryilekku pokum","you will read a magazine and then afterwards go to the library tomorrow morning"
"ammakku beach ishtamano","does mom like the beach"
"chor kazhikku","eat rice"
"amma podcast kettilla","mom didn't listen to a podcast"
"njangalude phone evide","where is our phone"
"chettan adutha aazhcha bike il groundilekku pokum ennitt oru malayalam paattu paadum","my elder brother will go to the ground by bike next week and sing a malayalam song"
"enikku arai litre juice venam","i need half a litre of juice"
"aval innu rathri car il beachilekku pokum athu kazhinju rahasyam parayum","she will go to the beach by car tonight and then afterwards tell the secret"
"achan nale kappi kudikkum athu kazhinju groundilekku pokum","dad will drink coffee and then afterwards go to the ground tomorrow"
"teacherinu oru kuda und","the teacher has an umbrella"
"avante ticket kattilil und","his ticket is on the bed"
"amma adutha aazhcha juice kudikkumo","will mom drink juice next week"
"aval innale raavile aaru manikku irangi","she left at six in the morning yesterday"
"chettanu ippol oru break venam","my elder brother wants a break now"
"chechikku bike odikkan ariyamo","can my elder sister ride a bike"
"kuttikku kann vedana und","the child has an eye pain"
"ee laptop pathu roopa aanu","this laptop is 10 rupees"
"avalkku cricket ishtamalla","she doesn't like cricket"
"avarude chettan karshakan aanu","their elder brother is a farmer"
"kutti vaikunneram chaya kudikkum","the child drinks tea in the evening"
"ninakku juice venamo","do you want juice"
"ee bag vila kooduthal aanu","this bag is too expensive"
"avan adutha aazhcha kadayilekku pokum pinne vyayamam cheyyum","he will go to the shop next week and then do exercise"
"avan innu rathri ambalathilekku pokum ennitt chor undakkum","he will go to the temple tonight and make rice"
"chechi innale vaikunneram ettu manikku ethi","my elder sister reached at eight in the evening yesterday"
"nee innu raavile bag vaangi","you bought a bag this morning"
"ente kuda alamarayil und","my umbrella is in the cupboard"
"ee chappal kollaam","this pair of slippers is nice"
"kutti innale ambalathil aayirunnu","the child was at the temple yesterday"
"ammakku padikkan ishtam aanu","mom likes studying"
"njan veettil pani cheyyum","i do chores at home"
"chettan veettil aayirunno","was my elder brother at home"
"chechikku paattu ishtam aanu","my elder sister likes songs"
"avalkku dosa venam","she wants dosa"
"njangalude ammachi evideya","where is our grandma"
"teacher ippo bike il marketilekku pokunnu","the teacher is going to the market by bike now"
"onnu oru kadha parayu","please tell a story"
"teacher innu raavile bus stopil aayirunnu","the teacher was at the bus stop this morning"
"amma ippo sambar undakkunnilla","mom is not making sambar now"
"chechikku pachakam ishtamalla","my elder sister doesn't like cooking"
"ninte ammavan evide","where is your uncle"
"njan kappi kudikkum pakshe avar kudikkilla","i will drink coffee but they won't"
"nee nale raavile biriyani kazhikkumo","will you eat biryani tomorrow morning"
"namukku cricket ishtam aanu","we like cricket"
"namukku sathyam parayam","let's tell the truth"
"ninte pen officil und","your pen is at the office"
"onnu oru paattu paadu","please sing a song"
"achan kazhinja aazhcha meen kazhichu","dad ate fish last week"
"amma innale raavile pathinonnu manikku irangi","mom left at eleven in the morning yesterday"
"ninakku jalado und","you have a cold"
"teacherinu oru plan illa","the teacher doesn't have a plan"
"njangal innale anchu manikku irangi","we left at five yesterday"
"nee innu kuda edukkunnundo","are you taking an umbrella today"
"amma chilappol urangum","mom sleeps sometimes"
"avarude ammavan karshakan aanu","their uncle is a farmer"
"nee ippo marketil illa","you are not at the market now"
"nee aazhchayil onnu malayalam samsarikkum","you speak malayalam once a week"
"innale kaattu adichu","it was windy yesterday"
"avar adutha aazhcha shirt vaangum ennitt nadannu collegilekku pokum","they will buy a shirt and go to college on foot next week"
"achan adutha aazhcha auto il beachilekku pokum athu kazhinju english samsarikkum","dad will go to the beach by auto next week and then afterwards speak english"
"ammakku pachakam ishtamano","does mom like cooking"
"njangalkku cinema ishtam aan","we like movies"
"chettanu jalado undu","my elder brother has a cold"
"result ennu varum","when will the results come"
"kutti kazhinja aazhcha serial kandilla","the child didn't watch a serial last week"
"teacher ennum paattu kelkkumo","does the teacher listen to songs every day"
"ninakku computer upayogikkan ariyamo","can you use a computer"
"chechikku paalu venda","my elder sister doesn't want milk"
"ticket eduthoo","did you take the ticket"
"nammal innu rathri libraryilekku pokilla","we won't go to the library tonight"
"ente aniyathi engineer aan","my younger sister is an engineer"
"avanu chaya ishtam aanu","he likes tea"
"kappi kudikku","drink coffee"
"pazham vaangu","buy bananas"
"chechi car il veettilekku pokunnundo","is my elder sister going home by car"
"njayaraazhcha exam und","there is an exam on sunday"
"nee oru hindi paattu paadum pakshe aval paadilla","you will sing a hindi song but she won't"
"avar aazhchayil onnu pustakam vaayikkumo","do they read books once a week"
"venam","i want it"
"achan aazhchayil onnu malayalam samsarikkum","dad speaks malayalam once a week"
"ammakku daahikkunnundo","is mom thirsty"
"achan innale vaikunneram moonu manikku irangi","dad left at three in the evening yesterday"
"njangalude amma evideya","where is our mom"
"ninakku oru laptop illa","you don't have a laptop"
"kutti adutha aazhcha bus il groundilekku pokum","the child will go to the ground by bus next week"
"nammal avadhi divasangalil sadhanam vaangan pokilla","we don't go shopping on holidays"
"avan randu divasam munpu officil vannu","he came to the office two days ago"
"avan innu raavile nadannu schoolilekku poyi","he went to school on foot this morning"
"ente ammachi evide","where is my grandma"
"njan pachakkari vaangunnu","i am buying vegetables"
"nammal innu rathri chennaiyilekku pokum","we will go to chennai tonight"
"avan innu raavile cartoon kandu pinne homework cheythu","he watched a cartoon this morning and then did homework"
"kuttikku aashwasam illaa","the child is not relieved"
"avan naale raavile notes ezhuthumo","will he write notes tomorrow morning"
"ente ammavan pavam aalu aanu","my uncle is a kind-hearted person"
"njan office il ninnu irangi","i have left the office"
"njaan bankil aan","i am at the bank"
"avalkku oru pen undo","does she have a pen"
"achan kazhinja maasam cartoon kandilla","dad didn't watch a cartoon last month"
"njangalkku urakkam varunnilla","we are not sleepy"
"namukku tamil samsarikkan ariyilla","we can't speak tamil"
"amma adutha maasam schoolil varumo","will mom come to school next month"
"ee kuda enikku ishtamayi","i liked this umbrella"
"ente chettan nurse aanu","my elder brother is a nurse"
"ninte ammayi bangaloril aanu","your aunt is in bangalore"
"kutti chettane vilikkumo","will the child call my elder brother"
"avanu thondayil vedana undo","does he have a sore throat"
"aval randu divasam munpu train il thiruvananthapurathekku poyi","she went to trivandrum by train two days ago"
"amma delhiyil aanu","mom is in delhi"
"nee ennum paalu kudikkum","you drink milk every day"
"avanu puthiya job kitti","he got a new job"
"chettanu daahikkunnu","my elder brother is thirsty"
"aval innu raavile ivide vannoo","did she come here this morning"
"njan shirt vaangiyilla","i didn't buy a shirt"
"avante watch muriyil undu","his watch is in the room"
"aval adutha aazhcha pani cheyyum ennitt bike il officilekku pokum","she will do the work and go to the office by bike next week"
"nee chilappol sadhanam vaangan pokilla","you don't go shopping sometimes"
"avante aniyathi collegil aanu","his younger sister is at college"
"teacher innu raavile nattil vannoo","did the teacher come to my hometown this morning"
"njaan bus il hotelilekku pokunnilla","i am not going to the hotel by bus"
"ammakku kurachu vellam venamo","does mom want some water"
"nee innu raavile achane vilichu pinne kozhi kazhichu","you called dad this morning and then ate chicken"
"avar bus stopil aayirunno","were they at the bus stop"
"amma adutha maasam news kelkkumo","will mom listen to the news next month"
"njan ippo thanne varam","i will come right now"
"avan raathri naalu manikku ethum","he will reach at four at night"
"ee kuda vila kooduthal aanu","this umbrella is too expensive"
"vaikiyathil kshamikkanam","sorry for being late"
"ninte aniyathi teacher aanu","your younger sister is a teacher"
"njayaraazhcha avadhi aanu","sunday is a holiday"
"aval collegil aano","is she at college"
"kutti innale schoolil aayirunnu","the child was at school yesterday"
"achanu oru puthiya phone venda","dad doesn't want a new phone"
"ninakku thalavedana illaa","you don't have a headache"
"nee adutha aazhcha car il collegilekku pokum","you will go to college by car next week"
"avante aniyan pachakkaran aanu","his younger brother is a cook"
"njan oru kadha kelkkum pakshe avan kelkkilla","i will listen to a story but he won't"
"nee kazhinja maasam pen vaangiyilla","you didn't buy a pen last month"
"namukku thalavedana und","we have a headache"
"avalkku pallu vedana undo","does she have a toothache"
"nee naale car il groundilekku pokum athu kazhinju rahasyam parayum","you will go to the ground by car tomorrow and then afterwards tell the secret"
"amma adutha aazhcha podcast kelkkum ennitt bike il bus stopilekku pokum","mom will listen to a podcast and go to the bus stop by bike next week"
"ammakku whistle adikkan ariyilla","mom can't whistle"
"ammakku madhuram ishtam aanu","mom likes sweets"
"achanu ippo payasam venam","dad wants payasam now"
"ningal innu rathri pazham vaangumo","will you buy bananas tonight"
"chettanu oru problem illa","my elder brother doesn't have a problem"
"nee libraryil aano","are you at the library"
"ninakku bike odikkan ariyam","you can ride a bike"
"chettanu oru break venamo","does my elder brother want a break"
"aval kazhinja aazhcha chor undakki pinne pariksha ezhuthi","she made rice last week and then wrote the exam"
"achan kazhinja maasam puthiya phone vaangi","dad bought a new phone last month"
"nee ucha kazhinju ettu manikku varum","you will come at eight in the afternoon"
"aval vaikunneram urangilla","she doesn't sleep in the evening"
"kuttikku jalado illa","the child doesn't have a cold"
"avalkku vayaru vedana und","she has a stomach ache"
"aval oru puthiya paattu paadiyo","did she sing a new song"
"chechikku vayaru vedana und","my elder sister has a stomach ache"
"njaan innale ucha kazhinju onnu manikku urangi","i slept at one in the afternoon yesterday"
"chechikku oru kuda undo","does my elder sister have an umbrella"
"nee innu raavile kozhi kazhichu","you ate chicken this morning"
"chechi innu raavile nadannu bus stopilekku poyi","my elder sister went to the bus stop on foot this morning"
"nammal ennum paattu kelkkilla","we don't listen to songs every day"
"njan ennum paalu kudikkum","i drink milk every day"
"amma gulfilekku poyo","did mom go to the gulf"
"nee innu raavile football match kandu","you watched the football match this morning"
"chettan raavile nadakkan pokumo","does my elder brother go for a walk in the morning"
"nammal kazhinja aazhcha bike il theatreilekku poyilla","we didn't go to the theatre by bike last week"
"avan randu divasam munpu car il hotelilekku poyi","he went to the hotel by car two days ago"
"nale interview und","i have an interview tomorrow"
"chechikku paadan ariyam","my elder sister can sing"
"chettan ucha kazhinju anchu manikku irangum","my elder brother will leave at five in the afternoon"
"avan oru break edukkum pakshe aval edukkilla","he will take a break but she won't"
"avalkku kurachu samayam venda","she doesn't want some time"
"aval vaikunneram cricket kalikkumo","does she play cricket in the evening"
"teacherinu pallu vedana undo","does the teacher have a toothache"
"aval innu rathri kavitha ezhuthum","she will write a poem tonight"
"ammakku kazhuthu vedana illaa","mom doesn't have a neck pain"
"chettanu oru pen illa","my elder brother doesn't have a pen"
"achan naale raavile puthiya phone vaangum pinne car il officilekku pokum","dad will buy a new phone and then go to the office by car tomorrow morning"
"teacher innale train il alappuzhayilekku poyilla","the teacher didn't go to alappuzha by train yesterday"
"chettan hotelil aano","is my elder brother at the hotel"
"achanu daahikkunnu","dad is thirsty"
"enikku anchu kilo manga venam","i need five kilos of mangoes"
"achanu bhayam illa","dad is not scared"
"ninte ammavan doctor aan","your uncle is a doctor"
"ningal collegil aano","are you at college"
"amma ippo karikku kudikkunnu","mom is drinking tender coconut water now"
"nammal innale raathri pannirandu manikku ethi","we reached at twelve at night yesterday"
"avarkku beach ishtamano","do they like the beach"
"njangalkku kaal vedana illa","we don't have a leg pain"
"ninak lajja aayirunnu","you were embarrassed"
"ammakku oru cycle undo","does mom have a bicycle"
"avarude amma collegil aanu","their mom is at college"
"chettan bike il kadayilekku pokunnundo","is my elder brother going to the shop by bike"
"nee kazhinja aazhcha pen vaangi pinne chaya kudichu","you bought a pen last week and then drank tea"
"avar ippo gulfilekku pokunnundo","are they going to the gulf now"
"puthiya phone vaangu","buy a new phone"
"teacherinu oru kuda illa","the teacher doesn't have an umbrella"
"avante chechi bangaloril aanu","his elder sister is in bangalore"
"namukku puttu kazhikkam","let's eat puttu"
"amma ippo report vaayikkunnundo","is mom reading the report now"
"namukku oru chettan illa","we don't have an elder brother"
"achanu meen curry ishtamano","does dad like fish curry"
"aval innu raavile achane vilichu pinne oru paattu paadi","she called dad this morning and then sang a song"
"nee innu raavile video kandu pinne dosa undakki","you watched a video this morning and then made dosa"
"chettanu beach ishtamano","does my elder brother like the beach"
"chechikku oru puthiya phone venam","my elder sister wants a new phone"
"ningal randu divasam munpu officil vannoo","did you come to the office two days ago"
"chettanu oru kuda venam","my elder brother wants an umbrella"
"njaan airportil aan","i am at the airport"
"chettan kozhi kazhikkilla","my elder brother won't eat chicken"
"chechikku chor venda","my elder sister doesn't want rice"
"kuttikku jalado undo","does the child have a cold"
"chettanu kai vedana illaa","my elder brother doesn't have a pain in the hand"
"chettan naale bike il libraryilekku pokum pinne tamil samsarikkum","my elder brother will go to the library by bike tomorrow and then speak tamil"
"teacherinu oru poocha und","the teacher has a cat"
"chettan innale vaikunneram anchu manikku poyi","my elder brother went at five in the evening yesterday"
"avarude ammachi kollathu aanu","their grandma is in kollam"
"ninte kuppi muriyil und","your bottle is in the room"
"nammal naale raavile paalu kudikkilla","we won't drink milk tomorrow morning"
"avalude kannadi veettil und","her glasses are at home"
"avalkku pachakam ishtam aanu","she likes cooking"
"ammakku chess kalikkan ariyamo","can mom play chess"
"nee nale raavile oru kadha parayum pinne nadannu veettilekku pokum","you will tell a story and then go home on foot tomorrow morning"
"chechi oru break edukkunnundo","is my elder sister taking a break"
"achanu jalado illa","dad doesn't have a cold"
"chettanu chor venam","my elder brother wants rice"
"avarkku padikkan ishtam aan","they like studying"
"avan adutha aazhcha nadannu hotelilekku pokum","he will go to the hotel on foot next week"
"namukku computer upayogikkan ariyam","we can use a computer"
"njangal innu raavile dosa kazhichu","we ate dosa this morning"
"nee innu raavile bankil aayirunnu","you were at the bank this morning"
"teacherinu kaal vedana undo","does the teacher have a leg pain"
"chechi nale raavile avide varum","my elder sister will come there tomorrow morning"
"chechi carroms kalicho","did my elder sister play carrom"
"ninak ice cream venda","you don't want ice cream"
"avante key alamarayil und","his key is in the cupboard"
"ee bag randaayiram roopa aan","this bag is 2000 rupees"
"avan kazhinja aazhcha hindi samsarichu pinne pachakkari vaangi","he spoke hindi last week and then bought vegetables"
"avarude pustakam evide","where is their book"
"njan adutha maasam kadayil varum","i will come to the shop next month"
"onnu kuda vaangu","please buy an umbrella"
"hello evide ninnu","hello, where are you calling from"
"njan ammaye vilikkum pakshe avan vilikkilla","i will call mom but he won't"
"nee innu rathri car il schoolilekku pokum ennitt kuda edukkum","you will go to school by car tonight and take an umbrella"
"innu velliyaazhcha aan","today is friday"
"chechikku malayalam samsarikkan ariyam","my elder sister can speak malayalam"
"ninakku mazha ishtam aanu","you like the rain"
"nee raavile nadakkan pokumo","do you go for a walk in the morning"
"avalude pustakam muriyil undu","her book is in the room"
"aval kazhinja aazhcha paalu kudicho","did she drink milk last week"
"njangalkku cricket ishtam aan","we like cricket"
"ee watch irupathu roopa aanu","this watch is 20 rupees"
"ente ammayi engineer aanu","my aunt is an engineer"
"enikk oru litre vellam venam","i need one litre of water"
"amma nale puthiya phone vaangum pinne bike il theatreilekku pokum","mom will buy a new phone and then go to the theatre by bike tomorrow"
"avalkku ippo deshyam undu","she is angry right now"
"kuttikku padikkan ishtam aanu","the child likes studying"
"chechikku samayam undo","does my elder sister have time"
"kutti innu raavile kathu ezhuthiyilla","the child didn't write a letter this morning"
"avanu oru pen venamo","does he want a pen"
"aval alappuzhayil aanu","she is in alappuzha"
"teacher carroms kalikkunnundo","is the teacher playing carrom"
"onnu magazine vaayikku","please read a magazine"
"teacherinu kappi ishtamano","does the teacher like coffee"
"achan innu raavile mutta kazhichu","dad ate an egg this morning"
"nammal vaikunneram urangilla","we don't sleep in the evening"
"avan raavile ettu manikku varum","he will come at eight in the morning"
"avalkku oru kada illa","she doesn't have a shop"
"avante ticket veettil und","his ticket is at home"
"avante ammavan evide","where is his uncle"
"teacherinu vayaru vedana undo","does the teacher have a stomach ache"
"ammakku samayam undo","does mom have time"
"achan kazhinja aazhcha chechiye vilicho","did dad call my elder sister last week"
"achanu jalado undo","does dad have a cold"
"ningal adutha maasam oru nunna parayumo","will you tell a lie next month"
"ente laptop mejayil und","my laptop is on the table"
"njan innale oru kadha paranju pinne chess kalichu","i told a story yesterday and then played chess"
"namukku chithram varakkan ariyam","we can draw"
"biriyani kazhikku","eat biryani"
"aval ethra manikku vannu","what time did she come"
"achan chess kalikkum","dad will play chess"
"chechikku beach ishtamalla","my elder sister doesn't like the beach"
"onnu oru thamasha parayu","please tell a joke"
"avante kuppi kaaril und","his bottle is in the car"
"aval nale key edukkum pinne car il hospitalilekku pokum","she will take the key and then go to the hospital by car tomorrow"
"ente achan kozhikkodu aanu","my dad is in kozhikode"
"nee vaikunneram cricket kalikkum","you play cricket in the evening"
"enikku kurachu uppu tharamo","can you give me some salt"
"avar adutha aazhcha auto il bus stopilekku pokum ennitt biriyani kazhikkum","they will go to the bus stop by auto next week and eat biryani"
"avarude amma engineer aanu","their mom is an engineer"
"ente ammachi teacher aanu","my grandma is a teacher"
"avanu malayalam samsarikkan ariyilla","he can't speak malayalam"
"teacherinu daahikkunnilla","the teacher is not thirsty"
"aval randu divasam munpu chaya kudichu","she drank tea two days ago"
"aval kazhinja aazhcha pariksha ezhuthi pinne football kalichu","she wrote the exam last week and then played football"
"achan nale chechiye vilikkum ennitt bus stopilekku pokum","dad will call my elder sister and go to the bus stop tomorrow"
"chettanu kaal vedana illa","my elder brother doesn't have a leg pain"
"nee ethra manikku pokum","what time will you go"
"njan cricket kalikkum pakshe aval kalikkilla","i will play cricket but she won't"
"achanu thalavedana undo","does dad have a headache"
"njan nale auto il ambalathilekku pokum pinne paalu kudikkum","i will go to the temple by auto tomorrow and then drink milk"
"chettan innu rathri auto il stationilekku pokum pinne tv kaanum","my elder brother will go to the station by auto tonight and then watch tv"
"avar innu rathri bike il hotelilekku pokum","they will go to the hotel by bike tonight"
"achanu oru cycle undo","does dad have a bicycle"
"avanu malayalam samsarikkan ariyamo","can he speak malayalam"
"oru kappi tharu","give me a coffee"
"chechi chilappol urangumo","does my elder sister sleep sometimes"
"avar kazhinja aazhcha kozhi kazhicho","did they eat chicken last week"
"avalkku oru laptop venamo","does she want a laptop"
"avan kazhinja aazhcha beachil aayirunnu","he was at the beach last week"
"paathram kazhukoo","wash the vessels"
"oru kilo manga tharu","give me one kilo of mangoes"
"chettan ennum vegam ezhunnerkkumo","does my elder brother wake up early every day"
"ammakku meen curry ishtam aanu","mom likes fish curry"
"njan chilappol veettil pani cheyyilla","i don't do chores at home sometimes"
"nammal randu divasam munpu bike il schoolilekku poyi","we went to school by bike two days ago"
"avante ammavan karshakan aan","his uncle is a farmer"
"ninte aniyathi engineer aanu","your younger sister is an engineer"
"chechikku vellam venda","my elder sister doesn't want water"
"teacher hospitalil aayirunno","was the teacher at the hospital"
"njangalude pen evide","where is our pen"
"onnu tv kaanu","please watch tv"
"avar ippo nadannu groundilekku pokunnu","they are going to the ground on foot now"
"avanu cinema ishtamalla","he doesn't like movies"
"avan oru break edukkum pakshe njan edukkilla","he will take a break but i won't"
"achanu oru question und","dad has a question"
"chettan ippo bus stopil aanu","my elder brother is at the bus stop now"
"kutti adutha maasam chess kalikkilla","the child won't play chess next month"
"achan ippo auto il airportilekku pokunnundo","is dad going to the airport by auto now"
"kuttikku daahikkunnundo","is the child thirsty"
"teacher naale raavile chaya kudikkilla","the teacher won't drink tea tomorrow morning"
"avanu ksheenam undu","he is tired"
"avar nale nadannu theatreilekku pokumo","will they go to the theatre on foot tomorrow"
"teacherinu daahikkunnundo","is the teacher thirsty"
"teacher ippo paattu kelkkunnundo","is the teacher listening to songs now"
"njangal flight il delhiyilekku pokunnu","we are going to delhi by flight"
"ningal vaikunneram vegam ezhunnerkkumo","do you wake up early in the evening"
"ee thorthu mosham aanu","this towel is bad"
"teacher innu biriyani kazhikkunnundo","is the teacher eating biryani today"
"kuda vaangu","buy an umbrella"
"ammakku pachakkari ishtam aanu","mom likes vegetables"
"teacher naale collegil varilla","the teacher won't come to college tomorrow"
"njan innu raavile bankil aayirunnu","i was at the bank this morning"
"achan adutha maasam podcast kelkkumo","will dad listen to a podcast next month"
"avar avadhi divasangalil veettil pani cheyyilla","they don't do chores at home on holidays"
"teacher innu raavile news ketto","did the teacher listen to the news this morning"
"achan rathri sadhanam vaangan pokilla","dad doesn't go shopping at night"
"avante appooppan doctor aanu","his grandpa is a doctor"
"teacher innale ucha kazhinju aaru manikku irangi","the teacher left at six in the afternoon yesterday"
"innu shaniyaazhcha aanu","today is saturday"
"ninte laptop alamarayil und","your laptop is in the cupboard"
"chechi kazhinja maasam key eduthilla","my elder sister didn't take the key last month"
"achanu madhuram ishtamalla","dad doesn't like sweets"
"koottukaarane vilikku","call a friend"
"ninakku enthu patti","what is wrong with you"
"aval shradhayulla aalu aanu","she is a careful person"
"avan rathri paattu kelkkum","he listens to songs at night"
"cinema kaananda","don't watch a movie"
"teacherinu padikkan ishtamalla","the teacher doesn't like studying"
"avarude amma kadakkaran aanu","their mom is a shopkeeper"
"ente bag evide","where is my bag"
"ammakku oru help venamo","does mom want some help"
"chechikku tamil samsarikkan ariyam","my elder sister can speak tamil"
"ee phone irunooru roopa aanu","this phone is 200 rupees"
"kutti pustakam vaayichilla","the child didn't read a book"
"teacher ippol kadayil aan","the teacher is at the shop now"
"avalude watch officil und","her watch is at the office"
"enikku oru chaya tharamo","can you give me a cup of tea"
"achan innale veettil aayirunnu","dad was at home yesterday"
"enikku oru doubt und","i have a doubt"
"aval nale raavile bike il stationilekku pokum athu kazhinju oru nunna parayum","she will go to the station by bike tomorrow morning and then afterwards tell a lie"
"chechikku payasam ishtamalla","my elder sister doesn't like payasam"
"teacherinu deshyam aayirunnu","the teacher was angry"
"avalude amma evide","where is her mom"
"ammakku oru veedu illa","mom doesn't have a house"
"avarkku ksheenam aayirunnu","they were tired"
"ninakku ice cream venamo","do you want ice cream"
"ente amma nattil aanu","my mom is in my hometown"
"aval innale oru kadha kettu pinne oru paattu paadi","she listened to a story yesterday and then sang a song"
"njangal innu rathri schoolilekku pokum ennitt malayalam samsarikkum","we will go to school tonight and speak malayalam"
"ammakku vishakkunnundo","is mom hungry"
"avan ellaa aazhchayum nadakkan pokumo","does he go for a walk every week"
"achan kazhinja aazhcha bus il kochiyilekku poyi","dad went to kochi by bus last week"
"chechikku car odikkan ariyam","my elder sister can drive a car"
"ammakku oru kuda venam","mom wants an umbrella"
"entha peru","what is your name"
"njangalkku oru plan illa","we don't have a plan"
"njan raavile ezhunnerkkum","i wake up in the morning"
"ninakku samayam undo","do you have time"
"ninte aniyan kadakkaran aan","your younger brother is a shopkeeper"
"amma veettil aanu","mom is at home"
"avan rahasyam parayum pakshe aval parayilla","he will tell the secret but she won't"
"nammal adutha aazhcha bus il stationilekku pokilla","we won't go to the station by bus next week"
"enikk kazhuthu vedana illaa","i don't have a neck pain"
"chechikku vishakkunnu","my elder sister is hungry"
"ee shirt anpathu roopa aanu","this shirt is 50 rupees"
"kutti nale raavile phone edukkum","the child will take the phone tomorrow morning"
"njangal innu raavile theatreil aayirunnu","we were at the theatre this morning"
"njan ippo busy aanu","i am busy now"
"ente amma vakkeel aanu","my mom is a lawyer"
"ningal ethra manikku ezhunnerkkum","what time will you wake up"
"njangal stationil illa","we are not at the station"
"kuttikku pachakam ishtamalla","the child doesn't like cooking"
"avan raathri ezhu manikku urangum","he will sleep at seven at night"
"achanu whistle adikkan ariyilla","dad can't whistle"
"pwoli","brilliant"
"avalude ticket sofayil und","her ticket is on the sofa"
"innu pani kooduthalaanu","there is a lot of work today"
"achanu oru car undu","dad has a car"
"amma adutha aazhcha history padikkum pinne hotelilekku pokum","mom will study history and then go to the hotel next week"
"namukku kann vedana und","we have an eye pain"
"ninakku cycle chavittan ariyilla","you can't ride a bicycle"
"chechikku boradi illa","my elder sister is not bored"
"chettan payasam kazhichilla","my elder brother didn't eat payasam"
"ente teacher valare nalla aalu aanu","my teacher is a very good person"
"enikk thalavedana illaa","i don't have a headache"
"ninte aniyan evide","where is your younger brother"
"novel vaayikkanda","don't read a novel"
"chettan nale raavile tv kaanum","my elder brother will watch tv tomorrow morning"
"chettanu car odikkan ariyam","my elder brother can drive a car"
"avanu dance cheyyan ariyam","he can dance"
"njangalkku pani und","we have a fever"
"teacher nale raavile assignment ezhuthilla","the teacher won't write the assignment tomorrow morning"
"namukku chechiye vilikkam","let's call my elder sister"
"ninakku bike odikkan ariyamo","can you ride a bike"
"avan bus stopil aano","is he at the bus stop"
"nee innu raavile sambar undakki pinne chettane vilichu","you made sambar this morning and then called my elder brother"
"chettan aazhchayil onnu paalu kudikkilla","my elder brother doesn't drink milk once a week"
"avan kazhinja maasam auto il theatreilekku poyilla","he didn't go to the theatre by auto last month"
"teacherinu dance cheyyan ariyilla","the teacher can't dance"
"teacherinu meen curry ishtamano","does the teacher like fish curry"
"chechi innale biriyani undakkiyilla","my elder sister didn't make biryani yesterday"
"avan rathri pustakam vaayikkilla","he doesn't read books at night"
"chettan flight il dubaiyilekku pokunnu","my elder brother is going to dubai by flight"
"chechi innale ucha kazhinju naalu manikku poyi","my elder sister went at four in the afternoon yesterday"
"payasam undakku","make payasam"
"achan kottayathu aanu","dad is in kottayam"
"onnu history padikku","please study history"
"avan innu rathri bus il groundilekku pokilla","he won't go to the ground by bus tonight"
"achanu ippo lajja undu","dad is embarrassed right now"
"chechi nale auto il collegilekku pokum","my elder sister will go to college by auto tomorrow"
"ninakku entha venam","what do you want"
"football match kaananda","don't watch the football match"
"ee bag irupathu roopa aanu","this bag is 20 rupees"
"kuttikku oru break venda","the child doesn't want a break"
"avalude key mejayil undu","her key is on the table"
"teacher kazhinja maasam oru pazhaya paattu paadiyilla","the teacher didn't sing an old song last month"
"enikku pachakam ishtamalla","i don't like cooking"
"avalude kannadi adukkalayil und","her glasses are in the kitchen"
"chechi avadhi divasangalil yoga cheyyilla","my elder sister doesn't do yoga on holidays"
"amma auto il beachilekku pokunnundo","is mom going to the beach by auto"
"teacher raavile onpathu manikku pokum","the teacher will go at nine in the morning"
"kutti ippo bike il collegilekku pokunnu","the child is going to college by bike now"
"ennu manikku","what time is it"
"namukku nannayi ezhuthan ariyam","we can write well"
"teacher ennum paalu kudikkilla","the teacher doesn't drink milk every day"
"bag edukku","take the bag"
"rahasyam parayenda","don't tell the secret"
"chechi raavile vegam ezhunnerkkumo","does my elder sister wake up early in the morning"
"ninak oru idea illa","you don't have an idea"
"chechi nale bag vaangum","my elder sister will buy a bag tomorrow"
"chechikku chaya ishtamalla","my elder sister doesn't like tea"
"aval schoolil illa","she is not at school"
"namukku paattu ishtam aanu","we like songs"
"amma ippo paattu kelkkunnu","mom is listening to songs now"
"ninte watch kaaril und","your watch is in the car"
"ee phone enikk ishtamayi","i liked this phone"
"chettanu santhosham undo","is my elder brother happy"
"ningalkku thanuppu ishtamano","do you like cold weather"
"avar nale raavile malayalam samsarikkum pinne car il hospitalilekku pokum","they will speak malayalam and then go to the hospital by car tomorrow morning"
"aval nale thiruvananthapurathekku pokumo","will she go to trivandrum tomorrow"
"aval innu news kaanunnu","she is watching the news today"
"chechi ethra manikku irangum","what time will my elder sister leave"
"teacher innale raathri ezhu manikku urangi","the teacher slept at seven at night yesterday"
"chechi assignment cheyyunnilla","my elder sister is not doing the assignment"
"onnu kathu ezhuthu","please write a letter"
"njan oru kadha parayum pakshe avan parayilla","i will tell a story but he won't"
"onnu teachere vilikku","please call the teacher"
"aval ippol karikku kudikkunnilla","she is not drinking tender coconut water now"
"ente chechi evide","where is my elder sister"
"oru leave edukku","take a leave"
"ente phone sofayil und","my phone is on the sofa"
"njangalude ammayi evide","where is our aunt"
"teacherinu beach ishtamano","does the teacher like the beach"
"avanu kazhuthu vedana illa","he doesn't have a neck pain"
"njan athu sammathikkilla","i won't agree to that"
"achanu oru pen illa","dad doesn't have a pen"
"nee nale car il theatreilekku pokilla","you won't go to the theatre by car tomorrow"
"oru leave edukkenda","don't take a leave"
"chechikku biriyani venda","my elder sister doesn't want biryani"
"chechi officil aanu","my elder sister is at the office"
"achan bus il nattilekku poyilla","dad didn't go to my hometown by bus"
"aval vaikunneram cricket kalikkilla","she doesn't play cricket in the evening"
"njangalude amma vakkeel aanu","our mom is a lawyer"
"chettan nale news kelkkumo","will my elder brother listen to the news tomorrow"
"nammal ezhu manikku varum","we will come at seven"
"chettan oru pazhaya paattu paadiyo","did my elder brother sing an old song"
"teacher ippo auto il ambalathilekku pokunnilla","the teacher is not going to the temple by auto now"
"ninte ammayi evide","where is your aunt"
"oru kadha parayu","tell a story"
"adipoli","awesome"
"namukku ippo oru break venam","we want a break now"
"enikku randu kilo pazham venam","i need two kilos of bananas"
"avalkku ice cream venamo","does she want ice cream"
"aval kadayil illa","she is not at the shop"
"ee pustakam vila kooduthal aan","this book is too expensive"
"avar innale radio ketto","did they listen to the radio yesterday"
"nee raavile pachakam cheyyumo","do you cook in the morning"
"kuttikku appam venam","the child wants appam"
"ippo nalla veyil aanu","it is sunny now"
"kutti innu rathri vellam kudikkumo","will the child drink water tonight"
"ente koottukaran deshyam vegam varunna aalu aanu","my friend is a short-tempered person"
"ninakku oru pen undo","do you have a pen"
"avarkku oru pen venamo","do they want a pen"
"namukku tamil samsarikkan ariyaam","we can speak tamil"
"kutti adutha maasam computer padikkumo","will the child study computer science next month"
"nee beachil aayirunno","were you at the beach"
"njangalude kuppi evide","where is our bottle"
"avarude amma vakkeel aanu","their mom is a lawyer"
"aval achane vilikkilla","she won't call dad"
"nammal innu raavile homework cheythu","we did homework this morning"
"ningal nale raavile dosa kazhikkumo","will you eat dosa tomorrow morning"
"namukku ippo ksheenam und","we are tired right now"
"ammakku kazhuthu vedana undo","does mom have a neck pain"
"kutti aazhchayil onnu sadhanam vaangan pokilla","the child doesn't go shopping once a week"
"ente boss snehamulla aalu aanu","my boss is a loving person"
"thinkalaazhcha exam undu","there is an exam on monday"
"njangal thiruvananthapurathu aanu","we are in trivandrum"
"avan ippo ambalathil aanu","he is at the temple now"
"avante kannadi muriyil und","his glasses are in the room"
"avalkku oru aniyathi illa","she doesn't have a younger sister"
"nee kazhinja aazhcha kathu vaayichu pinne soda kudichu","you read a letter last week and then drank soda"
"avanu vayaru vedana undo","does he have a stomach ache"
"amma ellaa aazhchayum paalu kudikkilla","mom doesn't drink milk every week"
"ente ammachi karshakan aanu","my grandma is a farmer"
"achanu malayalam samsarikkan ariyilla","dad can't speak malayalam"
"kuttikku oru idea illa","the child doesn't have an idea"
"ee mundu aayiram roopa aanu","this mundu is 1000 rupees"
"chettan airportil aanu","my elder brother is at the airport"
"teacher kazhinja aazhcha manga kazhichilla","the teacher didn't eat a mango last week"
"chettanu paattu ishtamano","does my elder brother like songs"
"avan nale raavile train il kannurilekku pokum","he will go to kannur by train tomorrow morning"
"ninne kaanan ethra naalayi","it has been so long since i saw you"
"nee adutha aazhcha english samsarikkum ennitt bike il groundilekku pokum","you will speak english and go to the ground by bike next week"
"chettanu ippol aashwasam und","my elder brother is relieved right now"
"namukku photo edukkam","let's take a photo"
"history padikkenda","don't study history"
"ninak daahikkunnu","you are thirsty"
"amma auto il hotelilekku pokum","mom will go to the hotel by auto"
"teachere vilikkenda","don't call the teacher"
"nee adutha aazhcha video kaanilla","you won't watch a video next week"
"chettan innu rathri veettil varumo","will my elder brother come home tonight"
"chechi ippo train il alappuzhayilekku pokunnilla","my elder sister is not going to alappuzha by train now"
"kuttikku ippo paalu venam","the child wants milk now"
"avalkku hindi samsarikkan ariyilla","she can't speak hindi"
"avan kadayil aanu","he is at the shop"
"njaan innu rathri report vaayikkilla","i won't read the report tonight"
"avalkku football ishtam aanu","she likes football"
"kutti nattil varumo","will the child come to my hometown"
"aval innale assignment cheythu pinne ticket vaangi","she did the assignment yesterday and then bought the ticket"
"enikku computer upayogikkan ariyam","i can use a computer"
"chechikku jalado undo","does my elder sister have a cold"
"avante bag officil undu","his bag is at the office"
"aval vaikunneram randu manikku irangum","she will leave at two in the evening"
"teacher schoolil aayirunno","was the teacher at school"
"chechi aazhchayil onnu veetil pani cheyyum","my elder sister does chores at home once a week"
"mohanlal padam kandittundo","have you watched a mohanlal movie"
"chechi adutha aazhcha bike il beachilekku pokum ennitt podcast kelkkum","my elder sister will go to the beach by bike next week and listen to a podcast"
"ningal nale raavile oru kadha parayumo","will you tell a story tomorrow morning"
"amma innu tamil samsarikkunnu","mom is speaking tamil today"
"enikku ithu venda","i don't want this"
"avar ippol bus il bus stopilekku pokunnu","they are going to the bus stop by bus now"
"avan innale raathri pathu manikku ethi","he reached at ten at night yesterday"
"amma rathri sadhanam vaangan pokumo","does mom go shopping at night"
"kutti innu rathri nadannu schoolilekku pokumo","will the child go to school on foot tonight"
"teacherinu oru bike illa","the teacher doesn't have a bike"
"achanu aashwasam undo","is dad relieved"
"ammakku football ishtam aanu","mom likes football"
"teacher rathri vegam ezhunnerkkumo","does the teacher wake up early at night"
"kuttikku hindi samsarikkan ariyamo","can the child speak hindi"
"avanu ippo oru puthiya phone venam","he wants a new phone now"
"ammakku oru cycle und","mom has a bicycle"
"avan chilappol kadha ezhuthilla","he doesn't write stories sometimes"
"nammal ippo veettil aanu","we are at home now"
"kutti nale mutta kazhikkum","the child will eat an egg tomorrow"
"chechi ellaa aazhchayum tv kaanum","my elder sister watches tv every week"
"kutti vellam kudikkilla","the child won't drink water"
"teacherinu padikkan ishtamano","does the teacher like studying"
"teacher kazhinja maasam yoga cheytho","did the teacher do yoga last month"
"avan adutha aazhcha karikku kudikkum athu kazhinju hotelilekku pokum","he will drink tender coconut water and then afterwards go to the hotel next week"
"aval innu rathri nadannu ambalathilekku pokum ennitt kavitha ezhuthum","she will go to the temple on foot tonight and write a poem"
"avan naale raavile kappi kudikkum ennitt car il theatreilekku pokum","he will drink coffee and go to the theatre by car tomorrow morning"
"avante ammavan kadakkaran aanu","his uncle is a shopkeeper"
"avar innu rathri veettil varilla","they won't come home tonight"
"chettan innu music kelkkunnu","my elder brother is listening to music today"
"ningalkku tension undo","are you nervous"
"teacherinu nadum vedana illa","the teacher doesn't have a backache"
"avan nale puttu kazhikkum ennitt auto il beachilekku pokum","he will eat puttu and go to the beach by auto tomorrow"
"chettan aazhchayil onnu paalu kudikkumo","does my elder brother drink milk once a week"
"njangal raavile ezhu manikku pokum","we will go at seven in the morning"
"kuttikku chaya ishtamalla","the child doesn't like tea"
"ee pustakam pathinaayiram roopa aanu","this book is 10,000 rupees"
"nammal avadhi divasangalil kulikkilla","we don't take a bath on holidays"
"aval ennum pustakam vaayikkilla","she doesn't read books every day"
"ammakku english samsarikkan ariyilla","mom can't speak english"
"achanu chithram varakkan ariyaam","dad can draw"
"teacher vaikunneram bus il pokumo","does the teacher go by bus in the evening"
"avante kuppi veettil und","his bottle is at home"
"njangalkku oru naayi undu","we have a dog"
"teacher raathri ezhu manikku urangum","the teacher will sleep at seven at night"
"avarude achan karshakan aanu","their dad is a farmer"
"ammakku pachakkari ishtamalla","mom doesn't like vegetables"
"chettanu mazha ishtamalla","my elder brother doesn't like the rain"
"aval adutha aazhcha project cheyyum ennitt auto il ambalathilekku pokum","she will do the project and go to the temple by auto next week"
"nee nale dosa kazhikkumo","will you eat dosa tomorrow"
"avalude kuda sofayil undu","her umbrella is on the sofa"
"avalkku cinema ishtam aanu","she likes movies"
"teacher aazhchayil onnu pachakam cheyyumo","does the teacher cook once a week"
"njangal innu flight il dubaiyilekku pokunnu","we are going to dubai by flight today"
"teacher kazhinja maasam officil vannoo","did the teacher come to the office last month"
"njan innu pathram vaayikkunnilla","i am not reading the newspaper today"
"teacher randu divasam munpu train il bangaloreilekku poyilla","the teacher didn't go to bangalore by train two days ago"
"avarude amma police aanu","their mom is a police officer"
"achan innu rathri cricket kalikkum pinne nadannu veettilekku pokum","dad will play cricket and then go home on foot tonight"
"chettanu chithram varakkan ariyam","my elder brother can draw"
"teacherinu juice venam","the teacher wants juice"
"nale choodu kooduthal aakum","it will get hotter tomorrow"
"njangalude chechi pachakkaran aanu","our elder sister is a cook"
"namukku news kelkkam","let's listen to the news"
"chechi innu raavile beachil aayirunnu","my elder sister was at the beach this morning"
"chechi innu rathri novel vaayikkum pinne car il officilekku pokum","my elder sister will read a novel and then go to the office by car tonight"
"avante pen muriyil und","his pen is in the room"
"ninte ammavan pachakkaran aanu","your uncle is a cook"
"kutti ennum yoga cheyyumo","does the child do yoga every day"
"avalkku kai vedana und","she has a pain in the hand"
"ammakku ippo lajja und","mom is embarrassed right now"
"njangal innu rathri car il hotelilekku pokum pinne oru malayalam paattu paadum","we will go to the hotel by car tonight and then sing a malayalam song"
"ente charger veettil und","my charger is at home"
"avalkku malayalam samsarikkan ariyamo","can she speak malayalam"
"njangalude aniyan karshakan aan","our younger brother is a farmer"
"nee maths padikkum pakshe avar padikkilla","you will study maths but they won't"
"avarude chettan nurse aanu","their elder brother is a nurse"
"avalude aniyathi nurse aan","her younger sister is a nurse"
"nee kazhinja maasam paalu kudichilla","you didn't drink milk last month"
"mail ezhuthenda","don't write an email"
"ente chettan kashtappettu pani cheyyunna aalu aanu","my elder brother is a hard-working person"
"ente ticket bagil und","my ticket is in the bag"
"teacher kazhinja aazhcha schoolil aayirunnu","the teacher was at school last week"
"class ennu thudangum","when will the class start"
"ente ammachi gulfil aanu","my grandma is in the gulf"
"ee mundu anjnooru roopa aanu","this mundu is 500 rupees"
"ente achan evide","where is my dad"
"avante kannadi bagil und","his glasses are in the bag"
"nammal innu raavile english padichu","we studied english this morning"
"chechi adutha maasam auto il theatreilekku pokumo","will my elder sister go to the theatre by auto next month"
"ee phone pathu roopa aanu","this phone is 10 rupees"
"enikk oru veedu illaa","i don't have a house"
"onnu idli kazhikku","please eat idli"
"ninak oru kuda venda","you don't want an umbrella"
"vellam kudikku","drink water"
"cartoon kaananda","don't watch a cartoon"
"avan stationil aano","is he at the station"
"avarkku kai vedana und","they have a pain in the hand"
"avan aazhchayil onnu pathram vaayikkilla","he doesn't read the newspaper once a week"
"achan football kalikkumo","will dad play football"
"chechi ippo oru kadha parayunnundo","is my elder sister telling a story now"
"achan ambalathil aayirunno","was dad at the temple"
"achan vaikunneram cricket kalikkum","dad plays cricket in the evening"
"ninte charger muriyil und","your charger is in the room"
"achanu car odikkan ariyamo","can dad drive a car"
"teacherinu pallu vedana und","the teacher has a toothache"
"enikku anchu kilo urulakizhangu venam","i need five kilos of potatoes"
"chettanu malayalam samsarikkan ariyam","my elder brother can speak malayalam"
"ninakku oru break venda","you don't want a break"
"chettanu dosa venda","my elder brother doesn't want dosa"
"kuttikku paadan ariyamo","can the child sing"
"onnu novel vaayikku","please read a novel"
"amma innu rathri idli kazhikkilla","mom won't eat idli tonight"
"nammal adutha aazhcha project cheyyilla","we won't do the project next week"
"njaan raavile ettu manikku ethum","i will reach at eight in the morning"
"avan nale raavile kannurilekku pokilla","he won't go to kannur tomorrow morning"
"chettan randu divasam munpu mutta kazhichilla","my elder brother didn't eat an egg two days ago"
"avalude achan karshakan aanu","her dad is a farmer"
"avar maths padikkunnu","they are studying maths"
"kuttikku kazhuthu vedana undo","does the child have a neck pain"
"ente aniyan evide","where is my younger brother"
"achan raavile vegam ezhunnerkkumo","does dad wake up early in the morning"
"avan rathri urangum","he sleeps at night"
"ninakku chor venda","you don't want rice"
"teacher innale onpathu manikku ethi","the teacher reached at nine yesterday"
"ente charger kattilil und","my charger is on the bed"
"njangalkku deshyam aayirunnu","we were angry"
"ente achan deshyam vegam varunna aalu aanu","my dad is a short-tempered person"
"chechikku kazhuthu vedana undu","my elder sister has a neck pain"
"avar kozhikkodekku pokumo","will they go to kozhikode"
"ninte kannadi mejayil undu","your glasses are on the table"
"chechi adutha maasam bus il mumbaiyilekku pokumo","will my elder sister go to mumbai by bus next month"
"amma innu rathri bus il groundilekku pokum athu kazhinju chemistry padikkum","mom will go to the ground by bus tonight and then afterwards study chemistry"
"achanu juice venam","dad wants juice"
"ente appooppan kadakkaran aanu","my grandpa is a shopkeeper"
"nammal ennum veettil pani cheyyilla","we don't do chores at home every day"
"achan vaikunneram paalu kudikkilla","dad doesn't drink milk in the evening"
"njan adutha aazhcha bus il marketilekku pokum ennitt football kalikkum","i will go to the market by bus next week and play football"
"kutti aazhchayil onnu urangum","the child sleeps once a week"
"avar stationil aayirunno","were they at the station"
"achanu ippo santhosham und","dad is happy right now"
"ammakku nadum vedana illa","mom doesn't have a backache"
"chechikku meen curry ishtam aanu","my elder sister likes fish curry"
"pinne kaanaam","we'll meet again"
"nanni","thanks"
"avan sambar undakkum pakshe nee undakkilla","he will make sambar but you won't"
"avan ippo car il thiruvananthapurathekku pokunnundo","is he going to trivandrum by car now"
"aval adutha aazhcha groundilekku pokum pinne cartoon kaanum","she will go to the ground next week and then watch a cartoon"
"achan randu divasam munpu chakka kazhicho","did dad eat jackfruit two days ago"
"nammal innale raavile onpathu manikku irangi","we left at nine in the morning yesterday"
"njangal adutha aazhcha veettil varum","we will come home next week"
"kuttikku oru laptop venam","the child wants a laptop"
"avan innu raavile assignment cheythu pinne oru leave eduthu","he did the assignment this morning and then took a leave"
"kutti innu raavile auto il ambalathilekku poyilla","the child didn't go to the temple by auto this morning"
"njan nale carroms kalikkum","i will play carrom tomorrow"
"ammakku oru question undo","does mom have a question"
"mail ezhuthu","write an email"
"avar meen kazhikkilla","they won't eat fish"
"chovvaazhcha class illa","there is no class on tuesday"
"avan innu raavile bike il theatreilekku poyilla","he didn't go to the theatre by bike this morning"
"ninte kuppi sofayil und","your bottle is on the sofa"
"chechi rathri bus il pokumo","does my elder sister go by bus at night"
"avarkku kai vedana undo","do they have a pain in the hand"
"onnu chess kalikku","please play chess"
"avar malayalam samsarikkum pakshe njan samsarikkilla","they will speak malayalam but i won't"
"avante aniyathi engineer aanu","his younger sister is an engineer"
"teacherinu lajja aayirunnu","the teacher was embarrassed"
"njangal ippo tv kaanunnilla","we are not watching tv now"
"ninakku juice venda","you don't want juice"
"teacher innu payasam undakkunnundo","is the teacher making payasam today"
"avalkku tamil samsarikkan ariyam","she can speak tamil"
"ammakku aashwasam und","mom is relieved"
"aval randu divasam munpu veettil vannu","she came home two days ago"
"chettanu bike odikkan ariyilla","my elder brother can't ride a bike"
"teacher kazhinja aazhcha ambalathil aayirunnu","the teacher was at the temple last week"
"amma chaya undakkiyo","did mom make tea"
"teacherinu computer upayogikkan ariyamo","can the teacher use a computer"
"ningal nale avide varumo","will you come there tomorrow"
"chettan innu kanakku cheyyunnu","my elder brother is doing the maths problems today"
"avarkku vayaru vedana illaa","they don't have a stomach ache"
"chechikku oru break venda","my elder sister doesn't want a break"
"achanu oru kuda venamo","does dad want an umbrella"
"nee innu rathri phone edukkum ennitt bus il ambalathilekku pokum","you will take the phone and go to the temple by bus tonight"
"ningal ethra manikku ezhunnettu","what time did you wake up"
"kuttikku cycle chavittan ariyamo","can the child ride a bicycle"
"avar naale raavile kadayilekku pokum pinne sambar undakkum","they will go to the shop tomorrow morning and then make sambar"
"enikku vellam venda","i don't want water"
"ente chettan evide","where is my elder brother"
"ee chappal irunooru roopa aan","this pair of slippers is 200 rupees"
"chechikku kazhuthu vedana undo","does my elder sister have a neck pain"
"avan adutha aazhcha bike il bankilekku pokum ennitt cricket kalikkum","he will go to the bank by bike next week and play cricket"
"ninakku beach ishtamalla","you don't like the beach"
"amma kazhinja maasam bus il kochiyilekku poyo","did mom go to kochi by bus last month"
"njan sammathikkunnu","i agree"
"ente watch bagil und","my watch is in the bag"
"chechi rathri pathram vaayikkum","my elder sister reads the newspaper at night"
"achan report vaayichu","dad read the report"
"avalude chappal muriyil und","her slippers are in the room"
"ente boss nalla aalu aanu","my boss is a good person"
"chechi sambar undakkunnundo","is my elder sister making sambar"
"avar nale radio kelkkumo","will they listen to the radio tomorrow"
"ningalkku yathra ishtamano","do you like travelling"
"avar innu raavile vellam kudicho","did they drink water this morning"
"chechikku yathra ishtam aanu","my elder sister likes travelling"
"achan collegil aayirunno","was dad at college"
"chechi groundil aanu","my elder sister is at the ground"
"achanu nannayi ezhuthan ariyamo","can dad write well"
"avalude aniyathi kadakkaran aanu","her younger sister is a shopkeeper"
"kuttikku oru break venam","the child wants a break"
"ninte ticket alamarayil und","your ticket is in the cupboard"
"avarude ammachi groundil aan","their grandma is at the ground"
"achan innu rathri car il groundilekku pokum athu kazhinju serial kaanum","dad will go to the ground by car tonight and then afterwards watch a serial"
"avalkku kazhuthu vedana und","she has a neck pain"
"kuttikku kaal vedana undo","does the child have a leg pain"
"avar chilappol sadhanam vaangan pokumo","do they go shopping sometimes"
"avante pen kattilil und","his pen is on the bed"
"ningalkku guitar vaayikkan ariyamo","can you play the guitar"
"avan randu divasam munpu bike il groundilekku poyi","he went to the ground by bike two days ago"
"teacher vellam kudikkunnundo","is the teacher drinking water"
"nammal ippo chappal vaangunnilla","we are not buying slippers now"
"aval kazhinja aazhcha mutta kazhichu","she ate an egg last week"
"ee bag mosham aanu","this bag is bad"
"nammal veettil illa","we are not at home"
"meeting ennu aanu","when is the meeting"
"amma chilappol sadhanam vaangan pokum","mom goes shopping sometimes"
"chechi nale news kelkkum athu kazhinju bike il airportilekku pokum","my elder sister will listen to the news and then afterwards go to the airport by bike tomorrow"
"aval ippo oru leave edukkunnundo","is she taking a leave now"
"aval bike il libraryilekku poyo","did she go to the library by bike"
"avanu vaayana ishtamano","does he like reading"
"nee groundil aayirunno","were you at the ground"
"aval bike il beachilekku poyo","did she go to the beach by bike"
"enikku oru leave venam","i need a leave"
"ninte appooppan evide","where is your grandpa"
"njangalkku english samsarikkan ariyilla","we can't speak english"
"enikku urakkam varunnu","i am feeling sleepy"
"amma pariksha ezhuthunnundo","is mom writing the exam"
"aval groundil aano","is she at the ground"
"ninte kuppi kaaril und","your bottle is in the car"
"aval adutha maasam vyayamam cheyyilla","she won't do exercise next month"
"njan nale raavile music kelkkum ennitt bike il schoolilekku pokum","i will listen to music and go to school by bike tomorrow morning"
"chechi randu divasam munpu kuda edutho","did my elder sister take an umbrella two days ago"
"ningalkku thalavedana undo","do you have a headache"
"njangal nale raavile car il ambalathilekku pokum pinne ticket edukkum","we will go to the temple by car tomorrow morning and then take the ticket"
"teacher innu nadannu beachilekku pokunnu","the teacher is going to the beach on foot today"
"aval ippo magazine vaayikkunnundo","is she reading a magazine now"
"nammal innale ucha kazhinju pannirandu manikku vannu","we came at twelve in the afternoon yesterday"
"aval innale ambalathil aayirunnu","she was at the temple yesterday"
"avan rathri nadakkan pokumo","does he go for a walk at night"
"nammal ippo bus stopil aanu","we are at the bus stop now"
"achan beachil aayirunno","was dad at the beach"
"chechikku sankadam undo","is my elder sister sad"
"kuttikku oru plan undo","does the child have a plan"
"aval nale raavile oru pazhaya paattu paadilla","she won't sing an old song tomorrow morning"
"teacherinu thondayil vedana illa","the teacher doesn't have a sore throat"
"enikku hindi samsarikkan ariyilla","i can't speak hindi"
"avar naale nadannu bankilekku pokum ennitt chettane vilikkum","they will go to the bank on foot tomorrow and call my elder brother"
"ee mundu mosham aanu","this mundu is bad"
"chettan aazhchayil onnu kulikkumo","does my elder brother take a bath once a week"
"chettanu oru question undo","does my elder brother have a question"
"chechikku nannayi ezhuthan ariyilla","my elder sister can't write well"
"avanu vayaru vedana und","he has a stomach ache"
"kuttikku oru naayi illa","the child doesn't have a dog"
"enikku oru phone illa","i don't have a phone"
"amma ennum yoga cheyyum","mom does yoga every day"
"avanu pachakam cheyyan ariyam","he can cook"
"nammal ambalathil illa","we are not at the temple"
"avan ente close friend aanu","he is my close friend"
"avalkku kali ishtamano","does she like playing games"
"nee innu rathri car il ambalathilekku pokum ennitt oru break edukkum","you will go to the temple by car tonight and take a break"
"avar naale raavile auto il collegilekku pokum pinne idli kazhikkum","they will go to college by auto tomorrow morning and then eat idli"
"avante ammayi evide","where is his aunt"
"kutti innu raavile collegil vannoo","did the child come to college this morning"
"ammakku nadakkan ishtamalla","mom doesn't like walking"
"amma innale kathu vaayichu","mom read a letter yesterday"
"achanu pachakam ishtamalla","dad doesn't like cooking"
"njangalude aniyathi teacher aanu","our younger sister is a teacher"
"ninte chappal evide","where are your slippers"
"avalkku oru poocha und","she has a cat"
"njangal adutha aazhcha car il kollathekku pokilla","we won't go to kollam by car next week"
"avar nale news kelkkum","they will listen to the news tomorrow"
"teacher innu rathri nadannu kadayilekku pokum","the teacher will go to the shop on foot tonight"
"njangalkku tamil samsarikkan ariyam","we can speak tamil"
"kuttikku tension undo","is the child nervous"
"ninakku kann vedana undo","do you have an eye pain"
"avanu chaya venda","he doesn't want tea"
"achanu kaal vedana undo","does dad have a leg pain"
"avarude amma doctor aanu","their mom is a doctor"
"njan ellam marannu","i forgot everything"
"ente boss shradhayulla aalu aan","my boss is a careful person"
"nee avadhi divasangalil pachakam cheyyum","you cook on holidays"
"avan innu raavile doctore vilichu pinne oru paattu paadi","he called the doctor this morning and then sang a song"
"namukku oru help venam","we want some help"
"aval adutha aazhcha cricket match kaanum pinne libraryilekku pokum","she will watch the cricket match and then go to the library next week"
"ente koottukaran pavam aalu aanu","my friend is a kind-hearted person"
"teacher ivide vannu","the teacher came here"
"nee innale ucha kazhinju ezhu manikku poyi","you went at seven in the afternoon yesterday"
"ente achan schoolil aan","my dad is at school"
"avante aniyathi driver aan","his younger sister is a driver"
"ee kuppi irunooru roopa aan","this bottle is 200 rupees"
"ninakku mazha ishtamano","do you like the rain"
"ninte ammayi kadakkaran aanu","your aunt is a shopkeeper"
"nee nale raavile nattil varilla","you won't come to my hometown tomorrow morning"
"ammakku pani illaa","mom doesn't have work"
"nee gulfilekku pokunnilla","you are not going to the gulf"
"ninakku ippo appam venam","you want appam now"
"amma adutha aazhcha nadannu theatreilekku pokum pinne hindi samsarikkum","mom will go to the theatre on foot next week and then speak hindi"
"naale shaniyaazhcha aan","tomorrow is saturday"
"njangal adutha aazhcha volleyball kalikkum","we will play volleyball next week"
"avanu samayam und","he has time"
"avalkku football ishtamalla","she doesn't like football"
"chaya kudikku","drink tea"
"chechi innu raavile saree vaangiyo","did my elder sister buy a saree this morning"
"njangal nale music kelkkum pinne auto il marketilekku pokum","we will listen to music and then go to the market by auto tomorrow"
"ammakku oru pen venamo","does mom want a pen"
"achan ippo mutta kazhikkunnilla","dad is not eating an egg now"
"enikku beach ishtam aanu","i like the beach"
"ee pen irupathu roopa aan","this pen is 20 rupees"
"njangalkku nadakkan ishtam aanu","we like walking"
"avalude amma kochiyil aanu","her mom is in kochi"
"njan innu raavile chemistry padichu pinne teachere vilichu","i studied chemistry this morning and then called the teacher"
"njaan bag vaangunnu","i am buying a bag"
"ninte ammachi teacher aanu","your grandma is a teacher"
"chechi ennum veettil pani cheyyilla","my elder sister doesn't do chores at home every day"
"ente achan buddhiyulla aalu aanu","my dad is a smart person"
"achanu vishakkunnu","dad is hungry"
"avar naale raavile oru break edukkum","they will take a break tomorrow morning"
"nammal ippol bus stopil illaa","we are not at the bus stop now"
"avanu oru bike illa","he doesn't have a bike"
"ee thorthu anpathu roopa aanu","this towel is 50 rupees"
"amma sathyam parayunnu","mom is telling the truth"
"onnu cartoon kaanu","please watch a cartoon"
"kuttikku cinema ishtamalla","the child doesn't like movies"
"njangal nale chechiye vilikkum athu kazhinju auto il stationilekku pokum","we will call my elder sister and then afterwards go to the station by auto tomorrow"
"achan adutha aazhcha chemistry padikkilla","dad won't study chemistry next week"
"namukku payasam venda","we don't want payasam"
"adutha maasam njan nattil pokum","i will go home next month"
"njan innale onpathu manikku ethi","i reached at nine yesterday"
"ninte chechi doctor aanu","your elder sister is a doctor"
"avan kazhinja aazhcha oru nunna paranju pinne tamil samsarichu","he told a lie last week and then spoke tamil"
"teacher avadhi divasangalil vegam ezhunnerkkilla","the teacher doesn't wake up early on holidays"
"avanu lajja und","he is embarrassed"
"avanu madhuram ishtamalla","he doesn't like sweets"
"ninte ammavan palakkadu aanu","your uncle is in palakkad"
"avar thottu poyi","they lost"
"amma ippo bus il beachilekku pokunnu","mom is going to the beach by bus now"
"chechi magazine vaayikkunnilla","my elder sister is not reading a magazine"
"ningalkku kai vedana undo","do you have a pain in the hand"
"nammal innu shirt vaangunnu","we are buying a shirt today"
"market il nalla thirakku aanu","the market is very crowded"
"aval nale raavile english samsarikkum athu kazhinju bus il ambalathilekku pokum","she will speak english and then afterwards go to the temple by bus tomorrow morning"
"avalkku oru laptop undo","does she have a laptop"
"njan groundil illa","i am not at the ground"
"achanu pallu vedana illa","dad doesn't have a toothache"
"avar kadayil aano","are they at the shop"
"achan nale raavile mutta kazhikkilla","dad won't eat an egg tomorrow morning"
"avanu oru plan illa","he doesn't have a plan"
"notes ezhuthu","write notes"
"chechikku aashwasam undo","is my elder sister relieved"
"avarkku chor venam","they want rice"
"kutti nale chemistry padikkilla","the child won't study chemistry tomorrow"
"avarkku paalu venam","they want milk"
"avante chettan teacher aanu","his elder brother is a teacher"
"avalkku bhayam aayirunnu","she was scared"
"aval innale vaikunneram pannirandu manikku poyi","she went at twelve in the evening yesterday"
"chettan adutha aazhcha assignment ezhuthum athu kazhinju nadannu airportilekku pokum","my elder brother will write the assignment and then afterwards go to the airport on foot next week"
"avarkku oru help venda","they don't want some help"
"serial kaanu","watch a serial"
"enikk meen curry ishtamalla","i don't like fish curry"
"chechi kazhinja aazhcha groundilekku poyi","my elder sister went to the ground last week"
"chettanu bhayam illa","my elder brother is not scared"
"kuttikku chess kalikkan ariyaam","the child can play chess"
"avan nale raavile bus il stationilekku pokum pinne radio kelkkum","he will go to the station by bus tomorrow morning and then listen to the radio"
"ee laptop enikku ishtamayi","i liked this laptop"
"nee kazhinja aazhcha sambar undakki","you made sambar last week"
"chor kazhicho","did you eat"
"chechikku oru cycle undo","does my elder sister have a bicycle"
"budhanaazhcha namukku kaanam","let's meet on wednesday"
"avan innu varilla","he will not come today"
"chettan innu bike il airportilekku pokunnu","my elder brother is going to the airport by bike today"
"njan nale bus il stationilekku pokum athu kazhinju oru nunna parayum","i will go to the station by bus tomorrow and then afterwards tell a lie"
"njangalkku chithram varakkan ariyam","we can draw"
"amma ippo kathu ezhuthunnilla","mom is not writing a letter now"
"njangalude watch evide","where is our watch"
"njan ennum pachakam cheyyum","i cook every day"
"ammakku paalu venamo","does mom want milk"
"chettanu oru aniyathi undo","does my elder brother have a younger sister"
"nee nale raavile mail ezhuthum ennitt nadannu libraryilekku pokum","you will write an email and go to the library on foot tomorrow morning"
"avar innale vaikunneram onnu manikku ethi","they reached at one in the evening yesterday"
"shubharathri","good night"
"chechikku vellam venamo","does my elder sister want water"
"aval raavile yoga cheyyumo","does she do yoga in the morning"
"njangal innale vaikunneram onpathu manikku vannu","we came at nine in the evening yesterday"
"njaan innu raavile radio kettu","i listened to the radio this morning"
"njan kazhinja aazhcha english padichu","i studied english last week"
"avar computer padikkum pakshe njan padikkilla","they will study computer science but i won't"
"salary ennu kittum","when will i get my salary"
"amma ennum urangum","mom sleeps every day"
"chettanu boradi undo","is my elder brother bored"
"njangalude aniyan doctor aanu","our younger brother is a doctor"
"aval adutha aazhcha schoolil varilla","she won't come to school next week"
"avan innale car il hospitalilekku poyi","he went to the hospital by car yesterday"
"achan naale auto il hotelilekku pokum pinne sathyam parayum","dad will go to the hotel by auto tomorrow and then tell the truth"
"sugham thanne alle","you are fine, right"
"njan kazhinja aazhcha podcast kettu pinne chemistry padichu","i listened to a podcast last week and then studied chemistry"
"doctor ne kaananam","i need to see a doctor"
"ninte aniyathi officil aanu","your younger sister is at the office"
"nammal ippo hotelil illa","we are not at the hotel now"
"ivide ninnu ethra dooram und","how far is it from here"
"chechi palakkadu aanu","my elder sister is in palakkad"
"njan ellaa aazhchayum chaya kudikkilla","i don't drink tea every week"
"avalude chechi driver aanu","her elder sister is a driver"
"ente ammavan nalla aalu aanu","my uncle is a good person"
"achanu oru aniyan undo","does dad have a younger brother"
"avante laptop officil und","his laptop is at the office"
"nammal avadhi divasangalil vegam ezhunnerkkum","we wake up early on holidays"
"nee kazhinja maasam biriyani kazhichu","you ate biryani last month"
"njangal music kelkkunnu","we are listening to music"
"avanu chess kalikkan ariyamo","can he play chess"
"ee thorthu anchaayiram roopa aanu","this towel is 5000 rupees"
"ee cinema kandoo","did you watch this movie"
"kuttikku samayam illaa","the child doesn't have time"
"kutti innale vaikunneram ezhu manikku urangi","the child slept at seven in the evening yesterday"
"avan tv kaanunnu","he is watching tv"
"ammakku tamil samsarikkan ariyilla","mom can't speak tamil"
"avar nale auto il hospitalilekku pokum ennitt pariksha ezhuthum","they will go to the hospital by auto tomorrow and write the exam"
"achan chilappol kadha ezhuthilla","dad doesn't write stories sometimes"
"chechi chilappol pathram vaayikkum","my elder sister reads the newspaper sometimes"
"nale veyil undaakum","it will be sunny tomorrow"
"njangal innu raavile sathyam paranju pinne koottukaarane vilichu","we told the truth this morning and then called a friend"
"aval innale raavile naalu manikku ethi","she reached at four in the morning yesterday"
"chettan ippo koottukaarane vilikkunnu","my elder brother is calling a friend now"
"avarude aniyan teacher aanu","their younger brother is a teacher"
"namukku oru hindi paattu paadam","let's sing a hindi song"
"aval naale auto il libraryilekku pokum pinne yoga cheyyum","she will go to the library by auto tomorrow and then do yoga"
"achan chilappol kulikkilla","dad doesn't take a bath sometimes"
"chechi innu bike il officilekku pokunnu","my elder sister is going to the office by bike today"
"achan innu raavile assignment cheytho","did dad do the assignment this morning"
"ninak kurachu samayam venamo","do you want some time"
"avan theatreil illa","he is not at the theatre"
"aval innale palakkadekku poyo","did she go to palakkad yesterday"
"pachakkari vaangenda","don't buy vegetables"
"njangalkku ippol chor venam","we want rice now"
"teacher novel vaayichilla","the teacher didn't read a novel"
"avanu bhayam aayirunnu","he was scared"
"vegam vaa","come quickly"
"aval innu payasam undakkunnilla","she is not making payasam today"
"njan adutha aazhcha flight il gulfilekku pokum","i will go to the gulf by flight next week"
"avan nale chess kalikkum pinne auto il ambalathilekku pokum","he will play chess and then go to the temple by auto tomorrow"
"ee kuppi mosham aanu","this bottle is bad"
"avalude ammayi evide","where is her aunt"
"avalude amma teacher aanu","her mom is a teacher"
"avarkku kurachu samayam venda","they don't want some time"
"aval nale bus il mumbaiyilekku pokumo","will she go to mumbai by bus tomorrow"
"kutti bus il ambalathilekku pokunnundo","is the child going to the temple by bus"
"achan ellaa aazhchayum kulikkumo","does dad take a bath every week"
"oru hindi paattu paadu","sing a hindi song"
"nee innu rathri paattu kelkkum athu kazhinju car il collegilekku pokum","you will listen to songs and then afterwards go to college by car tonight"
"sheri","okay"
"avan kazhinja maasam phone eduthilla","he didn't take the phone last month"
"avalkku samayam undu","she has time"
"nee innale raathri moonu manikku poyi","you went at three at night yesterday"
"nammal nale raavile kathu ezhuthilla","we won't write a letter tomorrow morning"
"avante watch evide","where is his watch"
"njangal naale schoolil varum","we will come to school tomorrow"
"nammal innu rathri car il libraryilekku pokilla","we won't go to the library by car tonight"
"avanu pani undo","does he have a fever"
"teacher innale beachil aayirunnu","the teacher was at the beach yesterday"
"pustakam vaayikku","read a book"
"njangalkku kann vedana und","we have an eye pain"
"chechikku guitar vaayikkan ariyilla","my elder sister can't play the guitar"
"ammayude veedu ente adutha aanu","mom's house is near mine"
"ammakku oru laptop venamo","does mom want a laptop"
"achanu ksheenam undo","is dad tired"
"njangal raavile cricket kalikkilla","we don't play cricket in the morning"
"ee saree mosham aanu","this saree is bad"
"ente boss valare nalla aalu aanu","my boss is a very good person"
"kutti innu rathri ivide varilla","the child won't come here tonight"
"njangal kazhinja aazhcha pustakam vaayichu pinne puthiya vandi vaangi","we read a book last week and then bought a new vehicle"
"ee shoes nooru roopa aanu","this pair of shoes is 100 rupees"
"avante ammachi chennaiyil aanu","his grandma is in chennai"
"amma innale volleyball kalichilla","mom didn't play volleyball yesterday"
"chettanu beach ishtam aan","my elder brother likes the beach"
"avalkku nannayi ezhuthan ariyilla","she can't write well"
"onnu achane vilikku","please call dad"
"avanu cricket ishtamalla","he doesn't like cricket"
"maths padikku","study maths"
"ivide vaa","come here"
"soda kudikku","drink soda"
"avarude aniyan doctor aanu","their younger brother is a doctor"
"onnu science padikku","please study science"
"avalkku ippo ksheenam und","she is tired right now"
"amma avadhi divasangalil malayalam samsarikkumo","does mom speak malayalam on holidays"
"onnu saree vaangu","please buy a saree"
"achan car il libraryilekku poyo","did dad go to the library by car"
"avante ammachi doctor aanu","his grandma is a doctor"
"avan innu meen kazhikkunnu","he is eating fish today"
"njangal nale bus il airportilekku pokum ennitt assignment ezhuthum","we will go to the airport by bus tomorrow and write the assignment"
"namukku sankadam aayirunnu","we were sad"
"avar innale bankil aayirunnu","they were at the bank yesterday"
"chechikku payasam venda","my elder sister doesn't want payasam"
"ee pustakam anpathu roopa aanu","this book is 50 rupees"
"avan raavile kulikkum","he takes a bath in the morning"
"chechikku kurachu vellam venam","my elder sister wants some water"
"chechi naale phone edukkum athu kazhinju nadannu collegilekku pokum","my elder sister will take the phone and then afterwards go to college on foot tomorrow"
"amma ippo theatreil illaa","mom is not at the theatre now"
"njan nale raavile message vaayikkilla","i won't read the message tomorrow morning"
"assignment cheyyenda","don't do the assignment"
"chechi avadhi divasangalil bus il pokilla","my elder sister doesn't go by bus on holidays"
"ninte aniyan police aanu","your younger brother is a police officer"
"aval kathu vaayikkum pakshe avar vaayikkilla","she will read a letter but they won't"
"kutti nale kadayil varum","the child will come to the shop tomorrow"
"ammakku kai vedana undu","mom has a pain in the hand"
"njan nale raavile pen vaangum ennitt auto il veettilekku pokum","i will buy a pen and go home by auto tomorrow morning"
"avanu tamil samsarikkan ariyam","he can speak tamil"
"achanu oru break venamo","does dad want a break"
"avan aazhchayil onnu urangumo","does he sleep once a week"
"achan avadhi divasangalil cricket kalikkumo","does dad play cricket on holidays"
"teacher nale raavile assignment cheyyilla","the teacher won't do the assignment tomorrow morning"
"ente koottukaran buddhiyulla aalu aanu","my friend is a smart person"
"njangal nale raavile groundilekku pokum athu kazhinju podcast kelkkum","we will go to the ground tomorrow morning and then afterwards listen to a podcast"
"njaan raavile urangilla","i don't sleep in the morning"
"ninte phone kattilil und","your phone is on the bed"
"avan nale raavile chess kalikkum pinne nadannu ambalathilekku pokum","he will play chess and then go to the temple on foot tomorrow morning"
"chettan kazhinja aazhcha ivide vannu","my elder brother came here last week"
"ente ammavan police aanu","my uncle is a police officer"
"enikku oru naayi und","i have a dog"
"njan kazhinja aazhcha news kandu pinne kappi kudichu","i watched the news last week and then drank coffee"
"ammakku vishakkunnu","mom is hungry"
"nee naale pachakkari vaangum ennitt bus il hospitalilekku pokum","you will buy vegetables and go to the hospital by bus tomorrow"
"ente chappal kattilil und","my slippers are on the bed"
"njangalkku kurachu samayam venda","we don't want some time"
"ningal vaikunneram bus il pokumo","do you go by bus in the evening"
"avante bag kaaril undu","his bag is in the car"
"vaa irikku","come, sit down"
"ammakku thalavedana und","mom has a headache"
"aval adutha maasam puthiya phone vaangumo","will she buy a new phone next month"
"ammakku vayaru vedana und","mom has a stomach ache"
"ente teacher snehamulla aalu aanu","my teacher is a loving person"
"avar bus il nattilekku poyo","did they go to my hometown by bus"
"njangal ippo oru nunna parayunnilla","we are not telling a lie now"
"nee nale cricket kalikkilla","you won't play cricket tomorrow"
"avan innu rathri nadannu officilekku pokum","he will go to the office on foot tonight"
"ninakku oru question undo","do you have a question"
"avar innu dosa kazhikkunnundo","are they eating dosa today"
"ente watch evide","where is my watch"
"ee bag anjnooru roopa aanu","this bag is 500 rupees"
"achan raathri pathu manikku irangum","dad will leave at ten at night"
"njan badminton kalikkum pakshe avan kalikkilla","i will play badminton but he won't"
"ninakku vayaru vedana undo","do you have a stomach ache"
"njangalkku oru break venam","we want a break"
"onnu kappi kudikku","please drink coffee"
"njangal nale raavile hindi samsarikkum pinne bus il marketilekku pokum","we will speak hindi and then go to the market by bus tomorrow morning"
"ammakku oru break venda","mom doesn't want a break"
"ente achan thamasha parayunna aalu aanu","my dad is a funny person"
"chettanu nannayi ezhuthan ariyam","my elder brother can write well"
"nalla biriyani aanu","it is a really good biryani"
"avar nale raavile homework cheyyum ennitt bike il libraryilekku pokum","they will do homework and go to the library by bike tomorrow morning"
"chettan theatreil aano","is my elder brother at the theatre"
"avan nale history padikkum","he will study history tomorrow"
"aval notes ezhuthum pakshe avan ezhuthilla","she will write notes but he won't"
"njangal delhiyil aanu","we are in delhi"
"chettan kuda eduthilla","my elder brother didn't take an umbrella"
"chechi nadannu schoolilekku pokunnundo","is my elder sister going to school on foot"
"chettan adutha aazhcha train il kottayathekku pokilla","my elder brother won't go to kottayam by train next week"
"chettan car il marketilekku pokunnu","my elder brother is going to the market by car"
"avar thrissuril aanu","they are in thrissur"
"amma nale raavile auto il stationilekku pokum ennitt karikku kudikkum","mom will go to the station by auto tomorrow morning and drink tender coconut water"
"nee phone edukkathathu entha","why didn't you pick up the phone"
"njaan achane vilikkum pakshe nee vilikkilla","i will call dad but you won't"
"auto vilikkamo","shall i call an auto"
"avante chettan evideya","where is his elder brother"
"njangalkku appam venda","we don't want appam"
"ninte aniyan bankil aan","your younger brother is at the bank"
"ee pen anjnooru roopa aanu","this pen is 500 rupees"
"chechi cinema kaanilla","my elder sister won't watch a movie"
"ninakku car odikkan ariyam","you can drive a car"
"namukku history padikkam","let's study history"
"ente amma marketil aanu","my mom is at the market"
"chechikku kaal vedana und","my elder sister has a leg pain"
"ente boss pavam aalu aanu","my boss is a kind-hearted person"
"ente achan teacher aanu","my dad is a teacher"
"aval avadhi divasangalil vegam ezhunnerkkumo","does she wake up early on holidays"
"chechikku padikkan ishtam aan","my elder sister likes studying"
"oru kadha kelkku","listen to a story"
"amma ippol dubaiyilekku pokunnu","mom is going to dubai now"
"onnu news kelkku","please listen to the news"
"onnu chaya undakku","please make tea"
"enikku oru laptop illa","i don't have a laptop"
"chechikku oru idea und","my elder sister has an idea"
"chettan nale dosa kazhikkum","my elder brother will eat dosa tomorrow"
"amma nale raavile kathu vaayikkum","mom will read a letter tomorrow morning"
"amma pathu manikku ethum","mom will reach at ten"
"chettanu pallu vedana illa","my elder brother doesn't have a toothache"
"avanu ippo santhosham und","he is happy right now"
"avante ammavan teacher aanu","his uncle is a teacher"
"ninte chechi vakkeel aanu","your elder sister is a lawyer"
"aval aazhchayil onnu bus il pokumo","does she go by bus once a week"
"avan adutha aazhcha vyayamam cheyyum","he will do exercise next week"
"nammal innu phone edukkunnu","we are taking the phone today"
"onnu oru break edukku","please take a break"
"avan nale dosa undakkum","he will make dosa tomorrow"
"avalkku payasam ishtam aanu","she likes payasam"
"achanu urakkam varunnundo","is dad sleepy"
"kutti officil illa","the child is not at the office"
"avalkku kaal vedana illa","she doesn't have a leg pain"
"avan vaikunneram aaru manikku varum","he will come at six in the evening"
"amma innale bike il ambalathilekku poyilla","mom didn't go to the temple by bike yesterday"
"namukku football match kaanam","let's watch the football match"
"avante appooppan karshakan aanu","his grandpa is a farmer"
"aval hotelil aanu","she is at the hotel"
"njan koottukaarane vilikkum pakshe avar vilikkilla","i will call a friend but they won't"
"ninte chechi nurse aanu","your elder sister is a nurse"
"ente college bus miss aayi","i missed my college bus"
"kutti theatreil aayirunno","was the child at the theatre"
"ee project njan cheyyam","i will do this project"
"avarkku thondayil vedana undo","do they have a sore throat"
"nammal innu kaanam","we'll meet today"
"ninte appooppan kannuril aanu","your grandpa is in kannur"
"achan ippo hospitalil aanu","dad is at the hospital now"
"avar innu carroms kalikkunnu","they are playing carrom today"
"nammal hospitalil illa","we are not at the hospital"
"ente teacher buddhiyulla aalu aanu","my teacher is a smart person"
"nee nale paalu kudikkum ennitt nadannu groundilekku pokum","you will drink milk and go to the ground on foot tomorrow"
"enikk paadan ariyilla","i can't sing"
"enikku pachakkari ishtam aanu","i like vegetables"
"ee phone mosham aanu","this phone is bad"
"ente ammayude veedu thrissur aanu","my mother's house is in thrissur"
"achanu oru naayi und","dad has a dog"
"avar nale bus il theatreilekku pokum athu kazhinju pathram vaayikkum","they will go to the theatre by bus tomorrow and then afterwards read the newspaper"
"oru thamasha parayu","tell a joke"
"teacher aazhchayil onnu paattu kelkkum","the teacher listens to songs once a week"
"avarude pen evideya","where is their pen"
"namukku meen curry ishtam aan","we like fish curry"
"njan ellaa aazhchayum yoga cheyyilla","i don't do yoga every week"
"aval ippo dosa undakkunnundo","is she making dosa now"
"chechi bus stopil aayirunno","was my elder sister at the bus stop"
"namukku oru pazhaya paattu paadam","let's sing an old song"
"teacher enikku sammanam thannu","the teacher gave me a prize"
"avar adutha aazhcha oru kadha parayum athu kazhinju nadannu libraryilekku pokum","they will tell a story and then afterwards go to the library on foot next week"
"amma nale bag edukkum athu kazhinju ambalathilekku pokum","mom will take the bag and then afterwards go to the temple tomorrow"
"onnu message vaayikku","please read the message"
"namukku yathra ishtam aan","we like travelling"
"teacherinu biriyani ishtamano","does the teacher like biryani"
"ninte aniyathi kottayathu aanu","your younger sister is in kottayam"
"chechi kazhinja maasam schoolilekku poyi","my elder sister went to school last month"
"avar nale teachere vilikkum ennitt collegilekku pokum","they will call the teacher and go to college tomorrow"
"chechi avadhi divasangalil cricket kalikkum","my elder sister plays cricket on holidays"
"ente pustakam muriyil und","my book is in the room"
"ente achan engineer aanu","my dad is an engineer"
"avan randu divasam munpu football match kandu","he watched the football match two days ago"
"ninte achan police aanu","your dad is a police officer"
"achanu pallu vedana und","dad has a toothache"
"ninte amma pachakkaran aanu","your mom is a cook"
"chettan innu rathri oru kadha kelkkum pinne bus il libraryilekku pokum","my elder brother will listen to a story and then go to the library by bus tonight"
"enikku lajja und","i am embarrassed"
"ammakku thondayil vedana illa","mom doesn't have a sore throat"
"avan nale raavile meen curry undakkum pinne bus il marketilekku pokum","he will make fish curry and then go to the market by bus tomorrow morning"
"key edukku","take the key"
"avalkku english samsarikkan ariyilla","she can't speak english"
"nee ethra manikku irangum","what time will you leave"
"chechikku kann vedana illa","my elder sister doesn't have an eye pain"
"amma adutha aazhcha news kaanum ennitt bike il hospitalilekku pokum","mom will watch the news and go to the hospital by bike next week"
"avanu pani kittiyo","did he get a job"
"njangalkku tension und","we are nervous"
"chechikku vaayana ishtamano","does my elder sister like reading"
"nammal pannirandu manikku ezhunnerkkum","we will wake up at twelve"
"kutti libraryil aanu","the child is at the library"
"amma innale officil vannu","mom came to the office yesterday"
"nee music kettu","you listened to music"
"namukku payasam kazhikkam","let's eat payasam"
"avarkku vishakkunnu","they are hungry"
"njangalude appooppan marketil aanu","our grandpa is at the market"
"aval tamil samsarikkum pakshe avar samsarikkilla","she will speak tamil but they won't"
"assignment ippo submit cheyyanam","i have to submit the assignment now"
"ammakku kaal vedana illa","mom doesn't have a leg pain"
"chechikku kai vedana undo","does my elder sister have a pain in the hand"
"ithu entha","what is this"
"teacher nale schoolilekku pokumo","will the teacher go to school tomorrow"
"ammakku deshyam illa","mom is not angry"
"njangal innu pariksha ezhuthunnilla","we are not writing the exam today"
"ninakku jalado illa","you don't have a cold"
"chettan nale car il groundilekku pokum pinne radio kelkkum","my elder brother will go to the ground by car tomorrow and then listen to the radio"
"avante ticket muriyil und","his ticket is in the room"
"avan mail ezhuthumo","will he write an email"
"nee innu rathri chettane vilikkum athu kazhinju car il veettilekku pokum","you will call my elder brother and then afterwards go home by car tonight"
"avan kazhinja maasam pen vaangi","he bought a pen last month"
"aval innale kuda vaangi pinne oru malayalam paattu paadi","she bought an umbrella yesterday and then sang a malayalam song"
"ee chappal pathinaayiram roopa aanu","this pair of slippers is 10,000 rupees"
"njangal nale bike il schoolilekku pokum pinne key edukkum","we will go to school by bike tomorrow and then take the key"
"njangal rathri kadha ezhuthum","we write stories at night"
"namukku badminton kalikkam","let's play badminton"
"nee raathri onpathu manikku pokum","you will go at nine at night"
"njan pinne vilikkam","i will call you later"
"chettan innu rathri dosa kazhikkum ennitt car il airportilekku pokum","my elder brother will eat dosa and go to the airport by car tonight"
"chechikku computer upayogikkan ariyilla","my elder sister can't use a computer"
"avan shradhayulla aalu aanu","he is a careful person"
"ninakku chor venamo","do you want rice"
"teacher innu rathri ivide varum","the teacher will come here tonight"
"chettanu thalavedana undo","does my elder brother have a headache"
"kuttikku pani undo","does the child have a fever"
"teacher innu rathri video kaanumo","will the teacher watch a video tonight"
"njan innu raavile hospitalil aayirunnu","i was at the hospital this morning"
"avante chappal evide","where are his slippers"
"avante ammayi thiruvananthapurathu aanu","his aunt is in trivandrum"
"aval oru kadha parayum pakshe avan parayilla","she will tell a story but he won't"
"achanu oru pen venda","dad doesn't want a pen"
"ee pen nooru roopa aan","this pen is 100 rupees"
"avalude aniyathi teacher aanu","her younger sister is a teacher"
"chechikku chithram varakkan ariyaam","my elder sister can draw"
"chettan kazhinja maasam shirt vaangiyilla","my elder brother didn't buy a shirt last month"
"achanu oru chaya venamo","does dad want a cup of tea"
"avante pen officil und","his pen is at the office"
"nammal innu veettilekku pokunnu","we are going home today"
"project cheyyenda","don't do the project"
"chechikku bhayam aayirunnu","my elder sister was scared"
"nammal innale raathri pathinonnu manikku ethi","we reached at eleven at night yesterday"
"ente ishtappetta bhakshanam meen curry aanu","my favourite food is fish curry"
"poda","get lost"
"njangalude ammavan stationil aanu","our uncle is at the station"
"chettanu oru phone undo","does my elder brother have a phone"
"avan adutha aazhcha english padikkum ennitt bike il ambalathilekku pokum","he will study english and go to the temple by bike next week"
"chettan rathri tv kaanum","my elder brother watches tv at night"
"ente chettan thamasha parayunna aalu aanu","my elder brother is a funny person"
"nale vyaazhaazhcha aan","tomorrow is thursday"
"kuttikku oru help venam","the child wants some help"
"avarkku oru cycle undo","do they have a bicycle"
"njangal ippo hotelil illa","we are not at the hotel now"
"chechi adutha aazhcha science padikkum pinne bankilekku pokum","my elder sister will study science and then go to the bank next week"
"avalude charger kattilil und","her charger is on the bed"
"avan ippo libraryil aanu","he is at the library now"
"amma rathri kadha ezhuthum","mom writes stories at night"
"nee avadhi divasangalil cricket kalikkumo","do you play cricket on holidays"
"ningal biriyani undakkiyo","did you make biryani"
"avanu nadum vedana undo","does he have a backache"
"aval innale cricket match kando","did she watch the cricket match yesterday"
"njangal ellaa aazhchayum nadakkan pokilla","we don't go for a walk every week"
"chechi kavitha ezhuthunnu","my elder sister is writing a poem"
"enikku vishakkunnu","i am hungry"
"avarkku computer upayogikkan ariyam","they can use a computer"
"chettanu oru chaya venam","my elder brother wants a cup of tea"
"achanu ippo oru break venam","dad wants a break now"
"teacher nale tv kaanumo","will the teacher watch tv tomorrow"
"nammal chilappol pustakam vaayikkilla","we don't read books sometimes"
"avanu oru break venda","he doesn't want a break"
"ninak guitar vaayikkan ariyilla","you can't play the guitar"
"ninakku oru idea und","you have an idea"
"avarkku oru idea undo","do they have an idea"
"ninte chettan kannuril aanu","your elder brother is in kannur"
"ente aniyathi evide","where is my younger sister"
"enikk oru kilo uppu venam","i need one kilo of salt"
"chettan appam kazhikkunnilla","my elder brother is not eating appam"
"chettan oru pazhaya paattu paadunnu","my elder brother is singing an old song"
"puttu kazhikku","eat puttu"
"njangal innu rathri oru malayalam paattu paadum pinne bus il hospitalilekku pokum","we will sing a malayalam song and then go to the hospital by bus tonight"
"ammakku chor venamo","does mom want rice"
"chechikku chess kalikkan ariyilla","my elder sister can't play chess"
"ninakku kurachu samayam venda","you don't want some time"
"avan raavile tv kaanum","he watches tv in the morning"
"njan oru nunna parayum","i will tell a lie"
"avar vaikunneram moonu manikku varum","they will come at three in the evening"
"teacher innale naalu manikku ethi","the teacher reached at four yesterday"
"science padikku","study science"
"nee ippo car il chennaiyilekku pokunnundo","are you going to chennai by car now"
"avar innale bus stopil aayirunnu","they were at the bus stop yesterday"
"chettan ippol schoolil aan","my elder brother is at school now"
"innu kaattu adikkunnu","it is windy today"
"avan nalla koottukaaranu","he is a good friend"
"avalude laptop alamarayil und","her laptop is in the cupboard"
"aval innale raathri randu manikku urangi","she slept at two at night yesterday"
"namukku madhuram ishtam aanu","we like sweets"
"radio kelkkenda","don't listen to the radio"
"aayikkotte","let it be"
"ee phone pathinaayiram roopa aanu","this phone is 10,000 rupees"
"kuttikku pachakam cheyyan ariyamo","can the child cook"
"ninte chettan kadakkaran aanu","your elder brother is a shopkeeper"
"enikku chithram varakkan ariyilla","i can't draw"
"chechi innu rathri car il marketilekku pokumo","will my elder sister go to the market by car tonight"
"kutti innale vaikunneram pannirandu manikku irangi","the child left at twelve in the evening yesterday"
"ee pustakam nooru roopa aanu","this book is 100 rupees"
"avalude amma doctor aan","her mom is a doctor"
"enikk ippo paalu venam","i want milk now"
"adutha aazhcha thanuppu undaakumo","it will be cool next week"
"ammakku pachakam cheyyan ariyam","mom can cook"
"aval nale raavile bike il airportilekku pokum ennitt homework cheyyum","she will go to the airport by bike tomorrow morning and do homework"
"avar adutha aazhcha meen curry undakkum athu kazhinju auto il beachilekku pokum","they will make fish curry and then afterwards go to the beach by auto next week"
"chettan innu rathri radio kelkkum pinne bus il bankilekku pokum","my elder brother will listen to the radio and then go to the bank by bus tonight"
"chettanu oru aniyathi illaa","my elder brother doesn't have a younger sister"
"aval innu raavile pazham vaangi","she bought bananas this morning"
"aval valare nalla aalu aanu","she is a very good person"
"avanu kann vedana illaa","he doesn't have an eye pain"
"nee phone edukkum pakshe avan edukkilla","you will take the phone but he won't"
"oru litre juice tharu","give me one litre of juice"
"ithu ninte aano","is this yours"
"avan kazhinja aazhcha hotelil aayirunnu","he was at the hotel last week"
"chechi nale raavile kanakku cheyyum pinne nadannu collegilekku pokum","my elder sister will do the maths problems and then go to college on foot tomorrow morning"
"enikku kaal vedana und","i have a leg pain"
"vyaazhaazhcha njan free aanu","i am free on thursday"
"yoga cheyyu","do yoga"
"ninakku kaal vedana illa","you don't have a leg pain"
"aval innale vaikunneram pathu manikku vannu","she came at ten in the evening yesterday"
"namukku daahikkunnu","we are thirsty"
"ee laptop kollaam","this laptop is nice"
"chechikku pachakkari ishtamano","does my elder sister like vegetables"
"nammal bankil illa","we are not at the bank"
"namukku santhosham aayirunnu","we were happy"
"chechi innu rathri auto il schoolilekku pokum ennitt kappi kudikkum","my elder sister will go to school by auto tonight and drink coffee"
"nee chaya undakkum pakshe avan undakkilla","you will make tea but he won't"
"njaan ippol bus stopil illa","i am not at the bus stop now"
"appam kazhikkanda","don't eat appam"
"ningal ethra manikku poyi","what time did you go"
"avalkku kazhuthu vedana undo","does she have a neck pain"
"namukku kai vedana und","we have a pain in the hand"
"avalkku kurachu vellam venda","she doesn't want some water"
"achan innu car il stationilekku pokunnundo","is dad going to the station by car today"
"avar innu rathri bike il ambalathilekku pokum athu kazhinju pen vaangum","they will go to the temple by bike tonight and then afterwards buy a pen"
"avante amma kollathu aanu","his mom is in kollam"
"juice kudikkanda","don't drink juice"
"enikku paattu kelkkan ishtam","i like listening to songs"
"amma ellaa aazhchayum bus il pokum","mom goes by bus every week"
"avante charger alamarayil und","his charger is in the cupboard"
"avalkku oru doubt undo","does she have a doubt"
"amma bike il airportilekku pokum","mom will go to the airport by bike"
"chechi adutha maasam avide varumo","will my elder sister come there next month"
"avante ammavan driver aan","his uncle is a driver"
"avan ucha kazhinju ettu manikku urangum","he will sleep at eight in the afternoon"
"kutti ippol bag vaangunnilla","the child is not buying a bag now"
"chechikku paattu ishtamano","does my elder sister like songs"
"maths padikkenda","don't study maths"
"kuttikku daahikkunnu","the child is thirsty"
"ee bag kollaam","this bag is nice"
"ee kuppi anpathu roopa aanu","this bottle is 50 rupees"
"namukku maths padikkam","let's study maths"
"ninte ammavan kottayathu aanu","your uncle is in kottayam"
"amma ippo groundil illa","mom is not at the ground now"
"ente ammavan driver aanu","my uncle is a driver"
"onnu football kalikku","please play football"
"chechi innu rathri chettane vilikkum pinne car il libraryilekku pokum","my elder sister will call my elder brother and then go to the library by car tonight"
"kutti train il kochiyilekku pokunnu","the child is going to kochi by train"
"nee innale oru malayalam paattu paadiyilla","you didn't sing a malayalam song yesterday"
"avalude ammayi vakkeel aanu","her aunt is a lawyer"
"enikku vayaru vedana und","i have a stomach ache"
"nee chechiye vilikkum pakshe njan vilikkilla","you will call my elder sister but i won't"
"nammal innale pathinonnu manikku ethi","we reached at eleven yesterday"
"ente ammayi police aan","my aunt is a police officer"
"ente chechi pavam aalu aanu","my elder sister is a kind-hearted person"
"achan innale ezhu manikku ezhunnettu","dad woke up at seven yesterday"
"ammakku bike odikkan ariyamo","can mom ride a bike"
"onnu kavitha ezhuthu","please write a poem"
"nee nale bag vaangumo","will you buy a bag tomorrow"
"ninte chettan pachakkaran aanu","your elder brother is a cook"
"chettanu aashwasam illa","my elder brother is not relieved"
"avan class il urangi","he slept in class"
"ninte kuppi adukkalayil und","your bottle is in the kitchen"
"aval aazhchayil onnu vegam ezhunnerkkumo","does she wake up early once a week"
"achanu oru chettan undo","does dad have an elder brother"
"achan adutha aazhcha oru kadha parayum athu kazhinju bus il groundilekku pokum","dad will tell a story and then afterwards go to the ground by bus next week"
"avalude chettan evide","where is her elder brother"
"teacherinu kaal vedana illa","the teacher doesn't have a leg pain"
"meen kazhikkanda","don't eat fish"
"achan innu rathri oru paattu paadumo","will dad sing a song tonight"
"ninte aniyathi thrissuril aanu","your younger sister is in thrissur"
"ee laptop randaayiram roopa aanu","this laptop is 2000 rupees"
"avar innu raavile oru kadha kettu pinne payasam undakki","they listened to a story this morning and then made payasam"
"aval ucha kazhinju onpathu manikku ethum","she will reach at nine in the afternoon"
"achanu nadakkan ishtam aanu","dad likes walking"
"achan nale oru thamasha parayum athu kazhinju bike il hospitalilekku pokum","dad will tell a joke and then afterwards go to the hospital by bike tomorrow"
"nammal pathu manikku varum","we will come at ten"
"entha cheyyunne","what are you doing"
"avalude pen evideya","where is her pen"
"teacher vaikunneram naalu manikku pokum","the teacher will go at four in the evening"
"chechi naale oru kadha kelkkum athu kazhinju car il theatreilekku pokum","my elder sister will listen to a story and then afterwards go to the theatre by car tomorrow"
"avalude charger muriyil und","her charger is in the room"
"avan nale raavile badminton kalikkum athu kazhinju nadannu beachilekku pokum","he will play badminton and then afterwards go to the beach on foot tomorrow morning"
"ninte phone sofayil und","your phone is on the sofa"
"kuda vaangenda","don't buy an umbrella"
"avan raathri onpathu manikku varum","he will come at nine at night"
"aval randu manikku ethum","she will reach at two"
"amma nale raavile meen kazhikkilla","mom won't eat fish tomorrow morning"
"ee phone vila kooduthal aanu","this phone is too expensive"
"onnu pachakkari vaangu","please buy vegetables"
"thinkalaazhcha avadhi aan","monday is a holiday"
"nalla padam aanu","it is a good movie"
"ee kuda anchaayiram roopa aanu","this umbrella is 5000 rupees"
"chechikku oru aniyan und","my elder sister has a younger brother"
"badminton kalikku","play badminton"
"avar innale biriyani undakki pinne pathram vaayichu","they made biryani yesterday and then read the newspaper"
"avanu cycle chavittan ariyam","he can ride a bicycle"
"ee pen ethra roopa aanu","how much is this pen"
"enikku ethrayo santhosham","i am so happy"
"aval innale cinema kandilla","she didn't watch a movie yesterday"
"avalkku thondayil vedana und","she has a sore throat"
"aval ellaa aazhchayum pachakam cheyyumo","does she cook every week"
"avarkku kazhuthu vedana undo","do they have a neck pain"
"avar nale bus il stationilekku pokum ennitt malayalam samsarikkum","they will go to the station by bus tomorrow and speak malayalam"
"avar adutha aazhcha car il mumbaiyilekku pokumo","will they go to mumbai by car next week"
"avan ippo hotelilekku pokunnilla","he is not going to the hotel now"
"njangal chess kalikkunnu","we are playing chess"
"enikku oru car illa","i don't have a car"
"avalkku neenthan ariyilla","she can't swim"
"ente ammavan thamasha parayunna aalu aanu","my uncle is a funny person"
"achanu chess kalikkan ariyam","dad can play chess"
"avan kazhinja maasam puthiya phone vaangi","he bought a new phone last month"
"badminton kalikkenda","don't play badminton"
"ninte achan pachakkaran aan","your dad is a cook"
"avarkku kappi venam","they want coffee"
"namukku project cheyyam","let's do the project"
"machane","dude"
"ente teacher shradhayulla aalu aan","my teacher is a careful person"
"offer undo","is there any offer"
"avarude ammayi vakkeel aanu","their aunt is a lawyer"
"aval nale bus il schoolilekku pokum ennitt bag edukkum","she will go to school by bus tomorrow and take the bag"
"amma randu divasam munpu kanakku cheytho","did mom do the maths problems two days ago"
"njan innu veettil illa","i am not at home today"
"key edukkenda","don't take the key"
"teacher vaikunneram yoga cheyyum","the teacher does yoga in the evening"
"avante phone evide","where is his phone"
"ee laptop mosham aan","this laptop is bad"
"achan bus il schoolilekku pokunnu","dad is going to school by bus"
"nee innu koottukaarane vilikkunnu","you are calling a friend today"
"chettanu pani undu","my elder brother has work"
"teacherinu car odikkan ariyaam","the teacher can drive a car"
"achan aazhchayil onnu pachakam cheyyum","dad cooks once a week"
"nammal innu theatreilekku pokunnilla","we are not going to the theatre today"
"teacher innale vaikunneram naalu manikku ethi","the teacher reached at four in the evening yesterday"
"njan kuda edukkum pakshe nee edukkilla","i will take an umbrella but you won't"
"avar adutha maasam auto il stationilekku pokilla","they won't go to the station by auto next month"
"chettan adutha aazhcha science padikkum athu kazhinju bus il bus stopilekku pokum","my elder brother will study science and then afterwards go to the bus stop by bus next week"
"avanu madhuram ishtam aanu","he likes sweets"
"onnu serial kaanu","please watch a serial"
"teacher raavile pathram vaayikkilla","the teacher doesn't read the newspaper in the morning"
"traffic kooduthalaanu","there is a lot of traffic"
"ee shoes pathinaayiram roopa aanu","this pair of shoes is 10,000 rupees"
"teacherinu deshyam undo","is the teacher angry"
"ee pustakam irupathu roopa aanu","this book is 20 rupees"
"avalude phone adukkalayil und","her phone is in the kitchen"
"ammakku vaayana ishtamalla","mom doesn't like reading"
"chechi nale raavile oru puthiya paattu paadum","my elder sister will sing a new song tomorrow morning"
"avan bankil aayirunno","was he at the bank"
"njan avadhi divasangalil kadha ezhuthilla","i don't write stories on holidays"
"chettan innu rathri bus il groundilekku pokum athu kazhinju tv kaanum","my elder brother will go to the ground by bus tonight and then afterwards watch tv"
"aval rathri pathram vaayikkumo","does she read the newspaper at night"
"njangal nale raavile bus il hotelilekku pokum athu kazhinju idli kazhikkum","we will go to the hotel by bus tomorrow morning and then afterwards eat idli"
"avalkku neenthan ariyamo","can she swim"
"chechikku kappi ishtamano","does my elder sister like coffee"
"chettan aazhchayil onnu sadhanam vaangan pokilla","my elder brother doesn't go shopping once a week"
"teacher innale oru puthiya paattu paadiyilla","the teacher didn't sing a new song yesterday"
"aval innale raathri pathinonnu manikku irangi","she left at eleven at night yesterday"
"kutti innu serial kaanunnu","the child is watching a serial today"
"ammakku biriyani venda","mom doesn't want biryani"
"chechikku english samsarikkan ariyaam","my elder sister can speak english"
"chechi chilappol sadhanam vaangan pokumo","does my elder sister go shopping sometimes"
"njan late aayi","i am late"
"ente kannadi adukkalayil und","my glasses are in the kitchen"
"avarude aniyan driver aanu","their younger brother is a driver"
"amma nale report vaayikkum athu kazhinju bike il beachilekku pokum","mom will read the report and then afterwards go to the beach by bike tomorrow"
"avar adutha maasam key edukkumo","will they take the key next month"
"chettanu thanuppu ishtam aan","my elder brother likes cold weather"
"enikku oru veedu und","i have a house"
"enikku meen curry ishtam aan","i like fish curry"
"chettanu pachakam ishtamano","does my elder brother like cooking"
"podcast kelkku","listen to a podcast"
"njangal adutha aazhcha notes ezhuthilla","we won't write notes next week"
"chechi innu raavile badminton kalichu","my elder sister played badminton this morning"
"avalude achan doctor aanu","her dad is a doctor"
"ninte ticket bagil und","your ticket is in the bag"
"avante charger sofayil und","his charger is on the sofa"
"njan ariyathe cheythatha","i did it unknowingly"
"enikku kai vedana und","i have a pain in the hand"
"report ayakkamo","can you send the report"
"nammal raavile vegam ezhunnerkkum","we wake up early in the morning"
"teacherinu dance cheyyan ariyamo","can the teacher dance"
"achanu kali ishtam aanu","dad likes playing games"
"chettan innu meen kazhikkunnilla","my elder brother is not eating fish today"
"aval innale oru leave eduthu pinne sathyam paranju","she took a leave yesterday and then told the truth"
"chettanu appam venam","my elder brother wants appam"
"amma innu oru pazhaya paattu paadunnu","mom is singing an old song today"
"ninte watch officil undu","your watch is at the office"
"njangal adutha maasam bus il ambalathilekku pokum","we will go to the temple by bus next month"
"nammal adutha maasam chechiye vilikkilla","we won't call my elder sister next month"
"ninte phone evide","where is your phone"
"avanu thanuppu ishtamano","does he like cold weather"
"njangal innu rathri vellam kudikkum","we will drink water tonight"
"kutti nale chor kazhikkum","the child will eat rice tomorrow"
"ee phone irupathu roopa aanu","this phone is 20 rupees"
"kuttikku english samsarikkan ariyamo","can the child speak english"
"njangal naale raavile malayalam samsarikkum ennitt car il veettilekku pokum","we will speak malayalam and go home by car tomorrow morning"
"enikku oru kilo manga venam","i need one kilo of mangoes"
"amma nale car il beachilekku pokum athu kazhinju volleyball kalikkum","mom will go to the beach by car tomorrow and then afterwards play volleyball"
"chettanu oru pen venamo","does my elder brother want a pen"
"ente kannadi sofayil und","my glasses are on the sofa"
"aval kannurilekku pokum","she will go to kannur"
"enikku arai kilo ulli venam","i need half a kilo of onions"
"chechi raathri pathinonnu manikku pokum","my elder sister will go at eleven at night"
"namukku meen curry ishtamalla","we don't like fish curry"
"avar innale podcast kettu pinne sambar undakki","they listened to a podcast yesterday and then made sambar"
"sir innu vannilla","sir didn't come today"
"chettanu kappi venamo","does my elder brother want coffee"
"chechi nattil aanu","my elder sister is in my hometown"
"avante ammavan pachakkaran aanu","his uncle is a cook"
"nee ippo libraryil illa","you are not at the library now"
"teacherinu vayaru vedana und","the teacher has a stomach ache"
"chettan kadayil aayirunno","was my elder brother at the shop"
"avarude achan pachakkaran aanu","their dad is a cook"
"achan naale raavile nadannu kadayilekku pokum athu kazhinju phone edukkum","dad will go to the shop on foot tomorrow morning and then afterwards take the phone"
"ente amma buddhiyulla aalu aanu","my mom is a smart person"
"avar kozhikkodu aanu","they are in kozhikode"
"ammakku football ishtamano","does mom like football"
"namukku rahasyam parayam","let's tell the secret"
"teacher kazhinja maasam hindi samsaricho","did the teacher speak hindi last month"
"achan kazhinja aazhcha shirt vaangi","dad bought a shirt last week"
"edaa","hey"
"onnu report ezhuthu","please write the report"
"avanu oru doubt undo","does he have a doubt"
"kodumkaattu varunnund","a storm is coming"
"ninte kannadi kattilil und","your glasses are on the bed"
"njan adutha aazhcha chaya kudikkum athu kazhinju car il officilekku pokum","i will drink tea and then afterwards go to the office by car next week"
"aval innale raathri onnu manikku irangi","she left at one at night yesterday"
"amma innale raathri moonu manikku vannu","mom came at three at night yesterday"
"avalkku oru break venam","she wants a break"
"achanu nannayi ezhuthan ariyilla","dad can't write well"
"avan naale bus il thiruvananthapurathekku pokumo","will he go to trivandrum by bus tomorrow"
"chechi nale auto il ambalathilekku pokum ennitt assignment cheyyum","my elder sister will go to the temple by auto tomorrow and do the assignment"
"chettan nale car il marketilekku pokum athu kazhinju chess kalikkum","my elder brother will go to the market by car tomorrow and then afterwards play chess"
"nammal innu pani cheyyunnilla","we are not doing the work today"
"nammal nale raavile nadannu bus stopilekku pokum","we will go to the bus stop on foot tomorrow morning"
"aval ellaa aazhchayum veettil pani cheyyumo","does she do chores at home every week"
"namukku juice kudikkam","let's drink juice"
"kuttikku bhayam undo","is the child scared"
"amma groundil aayirunno","was mom at the ground"
"kuttikku thalavedana und","the child has a headache"
"meen curry undakkenda","don't make fish curry"
"ninakku juice venam","you want juice"
"ee watch kollaam","this watch is nice"
"teacherinu pani undo","does the teacher have a fever"
"amma nale raavile biriyani kazhikkum","mom will eat biryani tomorrow morning"
"ee thorthu aayiram roopa aanu","this towel is 1000 rupees"
"nee innu karikku kudikkunnilla","you are not drinking tender coconut water today"
"avar innu rathri nadannu hospitalilekku pokum athu kazhinju dosa undakkum","they will go to the hospital on foot tonight and then afterwards make dosa"
"avarude aniyathi chennaiyil aanu","their younger sister is in chennai"
"avante pustakam alamarayil und","his book is in the cupboard"
"nee payasam undakkunnilla","you are not making payasam"
"onnu chakka kazhikku","please eat jackfruit"
"avanu vishakkunnundo","is he hungry"
"chechikku biriyani ishtamano","does my elder sister like biryani"
"avan avide varum","he will come there"
"nammal innu raavile bus il mumbaiyilekku poyi","we went to mumbai by bus this morning"
"ninakku oru kuda venam","you want an umbrella"
"avante amma evide","where is his mom"
"njangalude ammavan nurse aan","our uncle is a nurse"
"ente ammavan deshyam vegam varunna aalu aan","my uncle is a short-tempered person"
"teacherinu kaal vedana und","the teacher has a leg pain"
"avar bankil aayirunno","were they at the bank"
"nee kazhinja maasam volleyball kalichu","you played volleyball last month"
"namukku santhosham und","we are happy"
"avan computer padikkum pakshe aval padikkilla","he will study computer science but she won't"
"chettan randu divasam munpu english padicho","did my elder brother study english two days ago"
"amma vaikunneram tv kaanumo","does mom watch tv in the evening"
"njangalkku jalado illa","we don't have a cold"
"achan ippo chess kalikkunnundo","is dad playing chess now"
"chettanu tension aayirunnu","my elder brother was nervous"
"njan nale meen curry undakkum pinne auto il collegilekku pokum","i will make fish curry and then go to college by auto tomorrow"
"chechi innu raavile bankil aayirunnu","my elder sister was at the bank this morning"
"avarkku yathra ishtamano","do they like travelling"
"nammal randu divasam munpu appam kazhichu","we ate appam two days ago"
"teacher ellaa aazhchayum paalu kudikkumo","does the teacher drink milk every week"
"chettanu chess kalikkan ariyilla","my elder brother can't play chess"
"teacherinu tamil samsarikkan ariyamo","can the teacher speak tamil"
"njan innale raathri pathinonnu manikku vannu","i came at eleven at night yesterday"
"ninakku daahikkunnilla","you are not thirsty"
"onnu radio kelkku","please listen to the radio"
"njan innale officil aayirunnu","i was at the office yesterday"
"avarkku vaayana ishtamano","do they like reading"
"avan innale chapathi kazhichu pinne pachakkari vaangi","he ate chapathi yesterday and then bought vegetables"
"njan ninne miss cheyyunnu","i miss you"
"namukku assignment ezhuthaam","let's write the assignment"
"achan innu rathri beachilekku pokum athu kazhinju science padikkum","dad will go to the beach tonight and then afterwards study science"
"aval innu biriyani kazhikkunnu","she is eating biryani today"
"chechi innu rathri hindi samsarikkum ennitt car il groundilekku pokum","my elder sister will speak hindi and go to the ground by car tonight"
"ninte chettan nurse aanu","your elder brother is a nurse"
"chechikku nannayi ezhuthan ariyamo","can my elder sister write well"
"chechi hotelil aano","is my elder sister at the hotel"
"aval nale raavile car il thrissurilekku pokum","she will go to thrissur by car tomorrow morning"
"nee avadhi divasangalil pathram vaayikkilla","you don't read the newspaper on holidays"
"ee kuda anpathu roopa aan","this umbrella is 50 rupees"
"enikk tamil samsarikkan ariyaam","i can speak tamil"
"achan innu rathri oru kadha kelkkumo","will dad listen to a story tonight"
"nee adutha maasam chapathi kazhikkumo","will you eat chapathi next month"
"avar innu raavile schoolil vannoo","did they come to school this morning"
"nee biriyani kazhikkum pakshe aval kazhikkilla","you will eat biryani but she won't"
"avalkku football ishtamano","does she like football"
"innu thinkalaazhcha aanu","today is monday"
"achan adutha aazhcha football match kaanum pinne schoolilekku pokum","dad will watch the football match and then go to school next week"
"njan car il kozhikkodekku pokunnu","i am going to kozhikode by car"
"ninte pen bagil und","your pen is in the bag"
"aval ippo train il kochiyilekku pokunnu","she is going to kochi by train now"
"onnu mail ezhuthu","please write an email"
"avalude laptop kattilil und","her laptop is on the bed"
"achanu oru laptop illa","dad doesn't have a laptop"
"teacher flight il gulfilekku pokunnundo","is the teacher going to the gulf by flight"
"avarkku deshyam undo","are they angry"
"avarkku samayam illa","they don't have time"
"njangal kazhinja aazhcha bike il groundilekku poyi","we went to the ground by bike last week"
"manga kazhikkanda","don't eat a mango"
"nee nale raavile veettil varumo","will you come home tomorrow morning"
"avan nalla aalu aanu","he is a good person"
"avalkku pachakkari ishtam aanu","she likes vegetables"
"ningal nale auto il libraryilekku pokumo","will you go to the library by auto tomorrow"
"chechikku jalado und","my elder sister has a cold"
"aval innale raathri onpathu manikku ethi","she reached at nine at night yesterday"
"ee chappal pathu roopa aanu","this pair of slippers is 10 rupees"
"chettanu ippo juice venam","my elder brother wants juice now"
"amma innu rathri bus il hotelilekku pokum pinne report vaayikkum","mom will go to the hotel by bus tonight and then read the report"
"avalkku oru plan illa","she doesn't have a plan"
"avan nale magazine vaayikkum","he will read a magazine tomorrow"
"kutti innu bike il stationilekku pokunnilla","the child is not going to the station by bike today"
"homework cheyyu","do homework"
"ninakku cricket ishtam aanu","you like cricket"
"onnu koottukaarane vilikku","please call a friend"
"ammakku nanni parayanam","please thank mom"
"avarude ammavan evide","where is their uncle"
"achan kazhinja aazhcha vyayamam cheythu","dad did exercise last week"
"kutti officil aanu","the child is at the office"
"avalude chettan police aanu","her elder brother is a police officer"
"achanu biriyani ishtam aanu","dad likes biryani"
"kuttikku oru laptop undo","does the child have a laptop"
"ee laptop pathinaayiram roopa aan","this laptop is 10,000 rupees"
"avanu oru kuda illaa","he doesn't have an umbrella"
"chechi chakka kazhikkunnundo","is my elder sister eating jackfruit"
"chettan airportil aayirunno","was my elder brother at the airport"
"teacherinu kann vedana illa","the teacher doesn't have an eye pain"
"avan innale ezhu manikku ethi","he reached at seven yesterday"
"achan innu rathri auto il veettilekku pokilla","dad won't go home by auto tonight"
"ningal ippo soda kudikkunnundo","are you drinking soda now"
"ammakku oru aniyan illa","mom doesn't have a younger brother"
"kutti train il thrissurilekku pokumo","will the child go to thrissur by train"
"avan aazhchayil onnu pathram vaayikkumo","does he read the newspaper once a week"
"kutti aazhchayil onnu kulikkum","the child takes a bath once a week"
"amma nale bag vaangumo","will mom buy a bag tomorrow"
"avan sathyam paranjilla","he didn't tell the truth"
"njan innu bag edukkunnu","i am taking the bag today"
"achan oru pazhaya paattu paadiyo","did dad sing an old song"
"avar chapathi kazhikkum","they will eat chapathi"
"nammal ellaa aazhchayum pathram vaayikkum","we read the newspaper every week"
"amma innu rathri achane vilikkumo","will mom call dad tonight"
"ninte pen kaaril und","your pen is in the car"
"avan kazhinja maasam assignment cheytho","did he do the assignment last month"
"avan chilappol kadha ezhuthum","he writes stories sometimes"
"ninte ammavan vakkeel aanu","your uncle is a lawyer"
"kuttikku kann vedana illa","the child doesn't have an eye pain"
"ammakku oru poocha undo","does mom have a cat"
"avanu oru chettan und","he has an elder brother"
"ninte bag officil und","your bag is at the office"
"teacherinu jalado und","the teacher has a cold"
"avarkku sankadam illa","they are not sad"
"ente aniyan libraryil aanu","my younger brother is at the library"
"enikku dance cheyyan ariyam","i can dance"
"kutti ippol collegil aan","the child is at college now"
"avarkku cricket ishtamalla","they don't like cricket"
"njangalude ammavan pachakkaran aanu","our uncle is a cook"
"kutti kazhinja aazhcha officil aayirunnu","the child was at the office last week"
"ninte achan engineer aanu","your dad is an engineer"
"avan randu divasam munpu idli kazhicho","did he eat idli two days ago"
"aval innu rathri auto il beachilekku pokum pinne history padikkum","she will go to the beach by auto tonight and then study history"
"njangal kazhinja maasam soda kudichilla","we didn't drink soda last month"
"avar innu raavile nadannu hospitalilekku poyo","did they go to the hospital on foot this morning"
"aval adutha aazhcha marketilekku pokum athu kazhinju chemistry padikkum","she will go to the market next week and then afterwards study chemistry"
"avar kuda vaangunnundo","are they buying an umbrella"
"amma ippol stationil illaa","mom is not at the station now"
"kutti kazhinja maasam malayalam samsaricho","did the child speak malayalam last month"
"avanu biriyani ishtamano","does he like biryani"
"ninakku biriyani ishtam aanu","you like biryani"
"chettan paattu kelkkunnilla","my elder brother is not listening to songs"
"achanu kaasu undo","does dad have money"
"ninakku dosa venam","you want dosa"
"chettan innu rathri bag edukkilla","my elder brother won't take the bag tonight"
"avanu ice cream venda","he doesn't want ice cream"
"yoga cheyyenda","don't do yoga"
"njangalkku oru poocha und","we have a cat"
"avar theatreil aano","are they at the theatre"
"kuttikku oru chettan undo","does the child have an elder brother"
"avarkku boradi undo","are they bored"
"teacherinu mazha ishtamano","does the teacher like the rain"
"ammakku santhosham illaa","mom is not happy"
"avalude pustakam kattilil und","her book is on the bed"
"kutti raavile randu manikku pokum","the child will go at two in the morning"
"aval car il stationilekku poyo","did she go to the station by car"
"ee laptop anpathu roopa aan","this laptop is 50 rupees"
"avalkku nannayi ezhuthan ariyamo","can she write well"
"njangalkku madhuram ishtamalla","we don't like sweets"
"kuttikku oru plan und","the child has a plan"
"eppozha namukku kaanam","when can we meet"
"chechikku payasam ishtamano","does my elder sister like payasam"
"nammal vaikunneram anchu manikku varum","we will come at five in the evening"
"sradhichu pokoo","go carefully"
"ee bag anchaayiram roopa aanu","this bag is 5000 rupees"
"avalkku oru naayi illa","she doesn't have a dog"
"avanu pani illa","he doesn't have a fever"
"kavitha ezhuthu","write a poem"
"achan randu divasam munpu kozhi kazhichilla","dad didn't eat chicken two days ago"
"chaaya kudikkaan pokaam","let's go have tea"
"chettanu vayaru vedana und","my elder brother has a stomach ache"
"namukku cartoon kaanam","let's watch a cartoon"
"avanu payasam ishtamano","does he like payasam"
"enikk oru kilo pazham venam","i need one kilo of bananas"
"chettan airportil illa","my elder brother is not at the airport"
"avante chappal sofayil undu","his slippers are on the sofa"
"soda kudikkanda","don't drink soda"
"avarkku ippol payasam venam","they want payasam now"
"ente chechi nurse aan","my elder sister is a nurse"
"ninte appooppan bus stopil aanu","your grandpa is at the bus stop"
"kuttikku kali ishtam aanu","the child likes playing games"
"avalude chettan engineer aanu","her elder brother is an engineer"
"teacherinu oru chechi und","the teacher has an elder sister"
"kutti nale train il bangaloreilekku pokum","the child will go to bangalore by train tomorrow"
"amma bus il nattilekku pokum","mom will go to my hometown by bus"
"namukku kurachu vellam venda","we don't want some water"
"ente aniyathi gulfil aanu","my younger sister is in the gulf"
"avarkku lajja illa","they are not embarrassed"
"amma innu rathri nadannu schoolilekku pokum athu kazhinju oru kadha kelkkum","mom will go to school on foot tonight and then afterwards listen to a story"
"avanu kazhuthu vedana und","he has a neck pain"
"namukku kavitha vaayikkam","let's read a poem"
"budhanaazhcha avadhi aanu","wednesday is a holiday"
"avanu kappi venamo","does he want coffee"
"nee collegil aayirunno","were you at college"
"namukku kai vedana illa","we don't have a pain in the hand"
"avanu oru kada illa","he doesn't have a shop"
"avan adutha aazhcha car il ambalathilekku pokum ennitt pathram vaayikkum","he will go to the temple by car next week and read the newspaper"
"chettan innale ezhu manikku urangi","my elder brother slept at seven yesterday"
"chettanu juice venamo","does my elder brother want juice"
"ninakku vellam venda","you don't want water"
"avar avadhi divasangalil chaya kudikkumo","do they drink tea on holidays"
"ningal adutha maasam mutta kazhikkumo","will you eat an egg next month"
"avanu urakkam varunnu","he is sleepy"
"njangal randu manikku pokum","we will go at two"
"teacherinu jalado illaa","the teacher doesn't have a cold"
"njangalkku oru car illa","we don't have a car"
"avan innale raathri naalu manikku vannu","he came at four at night yesterday"
"ammakku urakkam varunnundo","is mom sleepy"
"namukku oru kuda illa","we don't have an umbrella"
"kuttikku whistle adikkan ariyaam","the child can whistle"
"chechikku bike odikkan ariyam","my elder sister can ride a bike"
"chettan ellaa aazhchayum chaya kudikkum","my elder brother drinks tea every week"
"vellam kudikkanda","don't drink water"
"avalude aniyathi groundil aanu","her younger sister is at the ground"
"enikk randu kilo panchasara venam","i need two kilos of sugar"
"mulaku kurachu mathi","just a little chilli is enough"
"nammal rathri paalu kudikkilla","we don't drink milk at night"
"avarkku oru chechi undo","do they have an elder sister"
"aval ippo project cheyyunnundo","is she doing the project now"
"aval randu divasam munpu rahasyam paranjo","did she tell the secret two days ago"
"teacher nale radio kelkkum","the teacher will listen to the radio tomorrow"
"ente ammayi evide","where is my aunt"
"njangal naale raavile news kaanum athu kazhinju nadannu marketilekku pokum","we will watch the news and then afterwards go to the market on foot tomorrow morning"
"avalude phone evide","where is her phone"
"chettanu oru pen venda","my elder brother doesn't want a pen"
"ninakku oru poocha undo","do you have a cat"
"achanu kazhuthu vedana illa","dad doesn't have a neck pain"
"aval volleyball kalikkum pakshe avar kalikkilla","she will play volleyball but they won't"
"avan hindi samsaricho","did he speak hindi"
"nee ippo appam kazhikkunnilla","you are not eating appam now"
"amma innale ettu manikku ezhunnettu","mom woke up at eight yesterday"
"avan randu divasam munpu koottukaarane vilicho","did he call a friend two days ago"
"enikku randu kilo thakkali venam","i need two kilos of tomatoes"
"njan innale car il hotelilekku poyi","i went to the hotel by car yesterday"
"nee ippo carroms kalikkunnu","you are playing carrom now"
"achan kazhinja aazhcha car il kochiyilekku poyo","did dad go to kochi by car last week"
"ee watch anchaayiram roopa aanu","this watch is 5000 rupees"
"amma innu car il stationilekku pokunnundo","is mom going to the station by car today"
"achan innu rathri veettil varum","dad will come home tonight"
"avarkku pallu vedana undo","do they have a toothache"
"avanu oru pen und","he has a pen"
"njangalude chettan evide","where is our elder brother"
"avar avadhi divasangalil paattu kelkkum","they listen to songs on holidays"
"achan innu raavile nadannu kadayilekku poyi","dad went to the shop on foot this morning"
"avarkku appam venda","they don't want appam"
"enikku appam venda","i don't want appam"
"teacher innale ucha kazhinju pathinonnu manikku poyi","the teacher went at eleven in the afternoon yesterday"
"ente amma snehamulla aalu aan","my mom is a loving person"
"ammakku chaya venda","mom doesn't want tea"
"please onnu nilkku","please wait a bit"
"avarkku cycle chavittan ariyam","they can ride a bicycle"
"avarkku pachakam cheyyan ariyilla","they can't cook"
"chettan adutha maasam koottukaarane vilikkilla","my elder brother won't call a friend next month"
"onnu doctore vilikku","please call the doctor"
"chettan innu rathri novel vaayikkum","my elder brother will read a novel tonight"
"avante aniyan driver aanu","his younger brother is a driver"
"nee ambalathil aanu","you are at the temple"
"amma innu rathri pazham vaangilla","mom won't buy bananas tonight"
"chechikku padikkan ishtamano","does my elder sister like studying"
"avalude kannadi mejayil und","her glasses are on the table"
"avan nale science padikkilla","he won't study science tomorrow"
"ente chechi groundil aanu","my elder sister is at the ground"
"avarkku daahikkunnu","they are thirsty"
"aval raavile paalu kudikkumo","does she drink milk in the morning"
"chettan stationil aano","is my elder brother at the station"
"kuttikku vayaru vedana undo","does the child have a stomach ache"
"nee puthiya vandi vaangum pakshe avar vaangilla","you will buy a new vehicle but they won't"
"chettanu kazhuthu vedana illa","my elder brother doesn't have a neck pain"
"avalude watch veetil undu","her watch is at home"
"innale mazha peythu","it rained yesterday"
"avarkku kann vedana illa","they don't have an eye pain"
"njangal avadhi divasangalil chaya kudikkilla","we don't drink tea on holidays"
"nee kazhinja aazhcha oru leave eduthu pinne maths padichu","you took a leave last week and then studied maths"
"ninte bag bagil und","your bag is in the bag"
"njangalkku biriyani ishtam aan","we like biryani"
"njan kandu","i saw"
"aval paattu kelkkum pakshe avar kelkkilla","she will listen to songs but they won't"
"namukku padikkan ishtamalla","we don't like studying"
"enikku chaya ishtam aanu","i like tea"
"chettan avadhi divasangalil pustakam vaayikkum","my elder brother reads books on holidays"
"avar innu rathri nattilekku pokumo","will they go to my hometown tonight"
"ariyam","i know"
"enikk oru aniyan undu","i have a younger brother"
"enikku oru kuda undu","i have an umbrella"
"kutti vaikunneram paattu kelkkilla","the child doesn't listen to songs in the evening"
"njangalkku pani illa","we don't have a fever"
"avalkku nannayi ezhuthan ariyam","she can write well"
"nammal pathinonnu manikku ethum","we will reach at eleven"
"teacher nale car il bangaloreilekku pokum","the teacher will go to bangalore by car tomorrow"
"onnu paattu kelkku","please listen to songs"
"amma nale raavile car il officilekku pokum athu kazhinju rahasyam parayum","mom will go to the office by car tomorrow morning and then afterwards tell the secret"
"enikku oru kilo urulakizhangu venam","i need one kilo of potatoes"
"amma randu divasam munpu bike il stationilekku poyi","mom went to the station by bike two days ago"
"achan naale raavile ticket vaangum ennitt bankilekku pokum","dad will buy the ticket and go to the bank tomorrow morning"
"avarude achan doctor aanu","their dad is a doctor"
"kutti bankil aanu","the child is at the bank"
"nee innu raavile oru nunna paranju","you told a lie this morning"
"chechikku paadan ariyamo","can my elder sister sing"
"avar idli kazhikkum pakshe njan kazhikkilla","they will eat idli but i won't"
"nee paattu kelkkum pakshe avan kelkkilla","you will listen to songs but he won't"
"nammal innu raavile tamil samsarichu","we spoke tamil this morning"
"chechi kazhinja maasam chaya undakkiyo","did my elder sister make tea last month"
"chechi hospitalil aayirunno","was my elder sister at the hospital"
"aval carroms kalikkum pakshe njan kalikkilla","she will play carrom but i won't"
"chor undakku","make rice"
"avanu tension illa","he is not nervous"
"amma randu divasam munpu chapathi kazhichilla","mom didn't eat chapathi two days ago"
"njan nale oru hindi paattu paadum ennitt bike il marketilekku pokum","i will sing a hindi song and go to the market by bike tomorrow"
"avanu kai vedana undo","does he have a pain in the hand"
"nannayi vishramikku","rest well"
"avan hotelil aano","is he at the hotel"
"njan nale history padikkum","i will study history tomorrow"
"namukku pallu vedana illa","we don't have a toothache"
"amma vaikunneram vegam ezhunnerkkilla","mom doesn't wake up early in the evening"
"achan kazhinja aazhcha libraryil aayirunnu","dad was at the library last week"
"nee cricket match kaanum pakshe avar kaanilla","you will watch the cricket match but they won't"
"ente ammavan snehamulla aalu aanu","my uncle is a loving person"
"oru pazhaya paattu paadenda","don't sing an old song"
"nee oru thamasha parayum pakshe aval parayilla","you will tell a joke but she won't"
"avarude aniyathi beachil aanu","their younger sister is at the beach"
"aval innu rathri oru malayalam paattu paadum ennitt bike il veettilekku pokum","she will sing a malayalam song and go home by bike tonight"
"chechikku nadum vedana und","my elder sister has a backache"
"namukku chettane vilikkam","let's call my elder brother"
"achan beachil aano","is dad at the beach"
"avan innu rathri bike il bus stopilekku pokum ennitt carroms kalikkum","he will go to the bus stop by bike tonight and play carrom"
"chechikku ippol bhayam undu","my elder sister is scared right now"
"chechikku oru chechi illa","my elder sister doesn't have an elder sister"
"avarude amma pachakkaran aanu","their mom is a cook"
"teacher ellaa aazhchayum vegam ezhunnerkkum","the teacher wakes up early every week"
"ee pustakam anchaayiram roopa aanu","this book is 5000 rupees"
"ninte chappal muriyil und","your slippers are in the room"
"avar innu rathri video kaanum pinne bus il stationilekku pokum","they will watch a video and then go to the station by bus tonight"
"shaniyaazhcha exam und","there is an exam on saturday"
"njan libraryilekku pokum","i will go to the library"
"chechi pathu manikku ethum","my elder sister will reach at ten"
"avar meen curry undakkum pakshe avan undakkilla","they will make fish curry but he won't"
"avalude chechi karshakan aan","her elder sister is a farmer"
"namukku bhayam und","we are scared"
"ente key muriyil undu","my key is in the room"
"ippo kaattu adikkunnu","it is windy now"
"namukku pallu vedana und","we have a toothache"
"avalkku pachakam ishtamano","does she like cooking"
"ninakku kai vedana illa","you don't have a pain in the hand"
"ee pustakam ethra roopa aanu","how much is this book"
"ninte amma nurse aanu","your mom is a nurse"
"avan innu rathri oru hindi paattu paadum pinne bus il officilekku pokum","he will sing a hindi song and then go to the office by bus tonight"
"kuttikku yathra ishtamano","does the child like travelling"
"enikku randu kilo ulli venam","i need two kilos of onions"
"nee rathri vegam ezhunnerkkum","you wake up early at night"
"namukku chaya undakkam","let's make tea"
"teacherinu sankadam aayirunnu","the teacher was sad"
"ammakku dance cheyyan ariyamo","can mom dance"
"avalude key bagil und","her key is in the bag"
"chechikku oru veedu undo","does my elder sister have a house"
"njangal adutha aazhcha veettilekku pokum pinne pen vaangum","we will go home next week and then buy a pen"
"njan athu vishwasikkunnilla","i don't believe that"
"njan kandilla","i didn't see"
"ningalkku english samsarikkan ariyamo","can you speak english"
"enikk oru problem illa","i don't have a problem"
"kutti nale raavile music kelkkilla","the child won't listen to music tomorrow morning"
"avanu neenthan ariyilla","he can't swim"
"payasam kazhikkanda","don't eat payasam"
"nee nale auto il hotelilekku pokum","you will go to the hotel by auto tomorrow"
"teacherinu chithram varakkan ariyam","the teacher can draw"
"avarude chettan bankil aanu","their elder brother is at the bank"
"chechi nale car il thiruvananthapurathekku pokilla","my elder sister won't go to trivandrum by car tomorrow"
"njan yoga cheyyunnu","i am doing yoga"
"namukku oru laptop illa","we don't have a laptop"
"njangal innale pathu manikku ezhunnettu","we woke up at ten yesterday"
"avalude ammachi teacher aanu","her grandma is a teacher"
"achanu aashwasam illa","dad is not relieved"
"chettan car il stationilekku poyi","my elder brother went to the station by car"
"chechi rathri bus il pokilla","my elder sister doesn't go by bus at night"
"amma ambalathil aanu","mom is at the temple"
"nee oru nunna parayum pakshe aval parayilla","you will tell a lie but she won't"
"nammal innale ettu manikku urangi","we slept at eight yesterday"
"news kelkkenda","don't listen to the news"
"avarkku oru cycle und","they have a bicycle"
"ninakku vellam venamo","do you want water"
"njan nale auto il stationilekku pokum pinne kozhi kazhikkum","i will go to the station by auto tomorrow and then eat chicken"
"njangalkku chaya venda","we don't want tea"
"ee pustakam anjnooru roopa aanu","this book is 500 rupees"
"chettan adutha aazhcha hospitalilekku pokilla","my elder brother won't go to the hospital next week"
"namukku chor undakkam","let's make rice"
"avan oru pazhaya paattu paadum pakshe aval paadilla","he will sing an old song but she won't"
"ningalkku nannayi ezhuthan ariyamo","can you write well"
"nee innu rathri karikku kudikkilla","you won't drink tender coconut water tonight"
"avante kuda mejayil und","his umbrella is on the table"
"ente chettan nalla aalu aanu","my elder brother is a good person"
"ente aniyan thiruvananthapurathu aanu","my younger brother is in trivandrum"
"nee collegil aano","are you at college"
"aval randu divasam munpu chapathi kazhicho","did she eat chapathi two days ago"
"avalude pen officil und","her pen is at the office"
"avarkku chithram varakkan ariyamo","can they draw"
"njangalkku yathra ishtamalla","we don't like travelling"
"chettanu ice cream venamo","does my elder brother want ice cream"
"namukku pani illaa","we don't have a fever"
"njangal jayichu","we won"
"homework cheytho","did you do your homework"
"onnu chappal vaangu","please buy slippers"
"avar kazhinja aazhcha libraryil aayirunnu","they were at the library last week"
"avalkku vaayana ishtam aanu","she likes reading"
"tv kaanu","watch tv"
"kutti innu carroms kalikkunnilla","the child is not playing carrom today"
"meen curry undakku","make fish curry"
"aval adutha aazhcha train il nattilekku pokum","she will go to my hometown by train next week"
"avalkku oru laptop illaa","she doesn't have a laptop"
"avarkku ice cream venamo","do they want ice cream"
"njangalude achan chennaiyil aanu","our dad is in chennai"
"avarkku oru phone und","they have a phone"
"ammakku malayalam samsarikkan ariyilla","mom can't speak malayalam"
"onnu biriyani undakku","please make biryani"
"njan kozhikkodu aanu","i am in kozhikode"
"avalude achan alappuzhayil aan","her dad is in alappuzha"
"avalude kannadi officil und","her glasses are at the office"
"chechi vaikunneram tv kaanum","my elder sister watches tv in the evening"
"chechi rathri yoga cheyyum","my elder sister does yoga at night"
"avan tv kaanilla","he won't watch tv"
"njaan innale mail ezhuthi pinne kappi kudichu","i wrote an email yesterday and then drank coffee"
"nee innu chechiye vilikkunnundo","are you calling my elder sister today"
"avar vaikunneram paattu kelkkumo","do they listen to songs in the evening"
"nee innale ambalathil aayirunnu","you were at the temple yesterday"
"chechi bike il kadayilekku pokilla","my elder sister won't go to the shop by bike"
"achan nale flight il gulfilekku pokum","dad will go to the gulf by flight tomorrow"
"avarude ammayi teacher aanu","their aunt is a teacher"
"kutti kathu vaayikkum","the child will read a letter"
"chettanu kurachu samayam venamo","does my elder brother want some time"
"ente ammayi doctor aanu","my aunt is a doctor"
"ente phone kattilil und","my phone is on the bed"
"ente chettan snehamulla aalu aanu","my elder brother is a loving person"
"nee innu raavile officil aayirunnu","you were at the office this morning"
"kutti randu divasam munpu juice kudichu","the child drank juice two days ago"
"ee watch pathu roopa aanu","this watch is 10 rupees"
"avarkku pallu vedana illa","they don't have a toothache"
"avante chettan driver aan","his elder brother is a driver"
"ninte chechi police aan","your elder sister is a police officer"
"avarude chettan vakkeel aan","their elder brother is a lawyer"
"nammal nale tv kaanilla","we won't watch tv tomorrow"
"avarkku kappi venda","they don't want coffee"
"ninte bag mejayil und","your bag is on the table"
"ee watch aayiram roopa aanu","this watch is 1000 rupees"
"aval adutha maasam report ezhuthilla","she won't write the report next month"
"achan innale koottukaarane vilichilla","dad didn't call a friend yesterday"
"avar innale rahasyam paranjilla","they didn't tell the secret yesterday"
"namukku news kaanam","let's watch the news"
"avalkku pani illaa","she doesn't have work"
"achanu oru question undo","does dad have a question"
"amma ippo beachil aanu","mom is at the beach now"
"njangal innu chechiye vilikkunnu","we are calling my elder sister today"
"avan ippo bike il schoolilekku pokunnu","he is going to school by bike now"
"chechi nadannu kadayilekku poyi","my elder sister went to the shop on foot"
"chettanu oru question illa","my elder brother doesn't have a question"
"avalude ammachi kadakkaran aan","her grandma is a shopkeeper"
"enikku oru laptop und","i have a laptop"
"chettan adutha maasam key edukkumo","will my elder brother take the key next month"
"kutti ennum vegam ezhunnerkkilla","the child doesn't wake up early every day"
"onnu carroms kalikku","please play carrom"
"chechi nale kathu ezhuthum pinne car il hospitalilekku pokum","my elder sister will write a letter and then go to the hospital by car tomorrow"
"avalude pustakam kaaril und","her book is in the car"
"chechi nale tv kaanum","my elder sister will watch tv tomorrow"
"avanu appam venda","he doesn't want appam"
"amma naale raavile bus il airportilekku pokumo","will mom go to the airport by bus tomorrow morning"
"chechi innu rathri bike il stationilekku pokum","my elder sister will go to the station by bike tonight"
"nammal raavile malayalam samsarikkum","we speak malayalam in the morning"
"avante ammachi evide","where is his grandma"
"ammakku biriyani venamo","does mom want biryani"
"teacher innu bag edukkunnilla","the teacher is not taking the bag today"
"avalkku biriyani ishtamalla","she doesn't like biryani"
"avan ippo chess kalikkunnilla","he is not playing chess now"
"achanu pachakkari ishtamano","does dad like vegetables"
"kutti innu kuda vaangunnu","the child is buying an umbrella today"
"avalude chettan bus stopil aanu","her elder brother is at the bus stop"
"chechikku cinema ishtamalla","my elder sister doesn't like movies"
"nalla veyil aanu","it is very sunny"
"aval ticket edukkum pakshe njan edukkilla","she will take the ticket but i won't"
"aval adutha aazhcha nadannu airportilekku pokum ennitt teachere vilikkum","she will go to the airport on foot next week and call the teacher"
"ammakku payasam venda","mom doesn't want payasam"
"njan kazhinja aazhcha train il delhiyilekku poyi","i went to delhi by train last week"
"vyayamam cheyyenda","don't do exercise"
"amma nale chechiye vilikkum","mom will call my elder sister tomorrow"
"nee innale dubaiyilekku poyo","did you go to dubai yesterday"
"achan kazhinja aazhcha pani cheythu","dad did the work last week"
"avanu oru poocha und","he has a cat"
"ammakku aashwasam illaa","mom is not relieved"
"teacher randu divasam munpu history padichilla","the teacher didn't study history two days ago"
"ninte charger adukkalayil und","your charger is in the kitchen"
"nee rathri vegam ezhunnerkkilla","you don't wake up early at night"
"kathu ezhuthu","write a letter"
"nee oru leave edukkum pakshe avar edukkilla","you will take a leave but they won't"
"chechikku mazha ishtamalla","my elder sister doesn't like the rain"
"ee thorthu pathu roopa aanu","this towel is 10 rupees"
"ninte charger officil und","your charger is at the office"
"amma avadhi divasangalil sadhanam vaangan pokilla","mom doesn't go shopping on holidays"
"ente appooppan karshakan aanu","my grandpa is a farmer"
"kuttikku oru bike illa","the child doesn't have a bike"
"avalkku oru help venam","she wants some help"
"koottukarude koode cinema poyi","i went to a movie with friends"
"avarkku oru chechi und","they have an elder sister"
"onnu payasam kazhikku","please eat payasam"
"achanu kappi ishtamalla","dad doesn't like coffee"
"namukku sambar undakkam","let's make sambar"
"namukku report ezhuthaam","let's write the report"
"teacherinu kurachu vellam venda","the teacher doesn't want some water"
"njan innale car il groundilekku poyi","i went to the ground by car yesterday"
"ente achan vakkeel aanu","my dad is a lawyer"
"avalkku santhosham undo","is she happy"
"kutti pathu manikku ezhunnerkkum","the child will wake up at ten"
"nammal ucha kazhinju ezhu manikku urangum","we will sleep at seven in the afternoon"
"chettan avadhi divasangalil sadhanam vaangan pokum","my elder brother goes shopping on holidays"
"ninakku paadan ariyilla","you can't sing"
"achan ellaa aazhchayum yoga cheyyilla","dad doesn't do yoga every week"
"ee shoes vila kooduthal aanu","this pair of shoes is too expensive"
"nee innu rathri auto il beachilekku pokum ennitt volleyball kalikkum","you will go to the beach by auto tonight and play volleyball"
"avar naalu manikku pokum","they will go at four"
"puthiya vandi vaangenda","don't buy a new vehicle"
"kuttikku computer upayogikkan ariyilla","the child can't use a computer"
"karam kooduthal aayi","it was too spicy"
"canteen il pokam","let's go to the canteen"
"ee bag nooru roopa aanu","this bag is 100 rupees"
"avan schoolil aayirunno","was he at school"
"avalkku oru bike und","she has a bike"
"njangalkku ksheenam aayirunnu","we were tired"
"aval kozhikkodekku pokunnilla","she is not going to kozhikode"
"ente watch mejayil und","my watch is on the table"
"payasam kazhikku","eat payasam"
"teacher mail ezhuthiyo","did the teacher write an email"
"enikk pani illaa","i don't have a fever"
"teacherinu football ishtamalla","the teacher doesn't like football"
"njangal innu rathri oru nunna parayum athu kazhinju nadannu collegilekku pokum","we will tell a lie and then afterwards go to college on foot tonight"
"serial kaananda","don't watch a serial"
"chettan adutha maasam puthiya vandi vaangumo","will my elder brother buy a new vehicle next month"
"kuttikku oru bike und","the child has a bike"
"karikku kudikkanda","don't drink tender coconut water"
"ninte bag evide","where is your bag"
"ammakku oru phone illa","mom doesn't have a phone"
"chechi chilappol sadhanam vaangan pokum","my elder sister goes shopping sometimes"
"avalkku oru pen illa","she doesn't have a pen"
"ente chechi deshyam vegam varunna aalu aan","my elder sister is a short-tempered person"
"namukku payasam ishtam aanu","we like payasam"
"onnu chor undakku","please make rice"
"tension adikkenda","don't stress"
"amma innu raavile kuda vaangi","mom bought an umbrella this morning"
"avanu tamil samsarikkan ariyamo","can he speak tamil"
"ee kuda ethra roopa aan","how much is this umbrella"
"namukku yathra ishtamalla","we don't like travelling"
"kutti ucha kazhinju pathinonnu manikku irangum","the child will leave at eleven in the afternoon"
"ninakku meen curry ishtamalla","you don't like fish curry"
"ninte ticket muriyil und","your ticket is in the room"
"avarude aniyathi driver aanu","their younger sister is a driver"
"nee randu divasam munpu chapathi kazhichu","you ate chapathi two days ago"
"avarkku madhuram ishtamalla","they don't like sweets"
"avan meen curry undakkunnilla","he is not making fish curry"
"nee naale payasam undakkum ennitt nadannu bankilekku pokum","you will make payasam and go to the bank on foot tomorrow"
"njan officil aanu","i am at the office"
"njangalkku oru question undu","we have a question"
"kuttikku paadan ariyam","the child can sing"
"avalude kuppi mejayil und","her bottle is on the table"
"kutti dubaiyilekku pokunnu","the child is going to dubai"
"aval nale raavile sathyam parayum pinne bus il schoolilekku pokum","she will tell the truth and then go to school by bus tomorrow morning"
"njangal innu rathri vyayamam cheyyum","we will do exercise tonight"
"avar adutha aazhcha malayalam samsarikkilla","they won't speak malayalam next week"
"amma kazhinja aazhcha podcast ketto","did mom listen to a podcast last week"
"achanu daahikkunnundo","is dad thirsty"
"ente key evide","where is my key"
"avan innu raavile tv kandu pinne report vaayichu","he watched tv this morning and then read the report"
"avarkku thanuppu ishtamano","do they like cold weather"
"avar raathri randu manikku urangum","they will sleep at two at night"
"njaan innale raavile moonu manikku ethi","i reached at three in the morning yesterday"
"avante chettan doctor aanu","his elder brother is a doctor"
"ninte kuda alamarayil und","your umbrella is in the cupboard"
"aval bus stopil aan","she is at the bus stop"
"avar pathram vaayikkum","they will read the newspaper"
"enikku malayalam samsarikkan ariyilla","i can't speak malayalam"
"ningal music kelkkumo","will you listen to music"
"nee innu raavile kuda eduthu pinne radio kettu","you took an umbrella this morning and then listened to the radio"
"aval randu divasam munpu chakka kazhichu","she ate jackfruit two days ago"
"achanu pachakam cheyyan ariyilla","dad can't cook"
"adutha aazhcha kaattu adikkum","it will be windy next week"
"oru thamasha parayenda","don't tell a joke"
"avalude amma stationil aan","her mom is at the station"
"radio kelkku","listen to the radio"
"avante appooppan officil aanu","his grandpa is at the office"
"aval ennum veettil pani cheyyum","she does chores at home every day"
"ninakku jalado undo","do you have a cold"
"ente koottukaran nalla aalu aanu","my friend is a good person"
"ente koottukaran snehamulla aalu aanu","my friend is a loving person"
"aval aazhchayil onnu chaya kudikkumo","does she drink tea once a week"
"achanu kurachu samayam venda","dad doesn't want some time"
"onnu malayalam samsarikku","please speak malayalam"
"chakka kazhikku","eat jackfruit"
"avar rathri cricket kalikkum","they play cricket at night"
"avar adutha aazhcha soda kudikkum","they will drink soda next week"
"namukku achane vilikkam","let's call dad"
"chechikku kai vedana und","my elder sister has a pain in the hand"
"chettan bus il kollathekku pokunnundo","is my elder brother going to kollam by bus"
"namukku oru laptop venda","we don't want a laptop"
"ammakku oru bike illa","mom doesn't have a bike"
"kuttikku car odikkan ariyamo","can the child drive a car"
"avan innale ambalathil aayirunnu","he was at the temple yesterday"
"ee bag ethra roopa aanu","how much is this bag"
"onnu ammaye vilikku","please call mom"
"aval nale raavile car il kozhikkodekku pokumo","will she go to kozhikode by car tomorrow morning"
"avan adutha maasam kathu ezhuthilla","he won't write a letter next month"
"njangal aazhchayil onnu bus il pokilla","we don't go by bus once a week"
"kuttikku football ishtam aanu","the child likes football"
"njan innu raavile badminton kalichu","i played badminton this morning"
"avarkku oru kuda undo","do they have an umbrella"
"chakka kazhikkanda","don't eat jackfruit"
"avalkku oru idea und","she has an idea"
"aval avadhi divasangalil bus il pokumo","does she go by bus on holidays"
"kuttikku ippo aashwasam und","the child is relieved right now"
"bag vaangu","buy a bag"
"ente koottukaran valare nalla aalu aanu","my friend is a very good person"
"achan innale bankilekku poyo","did dad go to the bank yesterday"
"ninak guitar vaayikkan ariyaam","you can play the guitar"
"chechi rathri paattu kelkkum","my elder sister listens to songs at night"
"avante pustakam sofayil undu","his book is on the sofa"
"aval innu rathri nadannu beachilekku pokum pinne oru paattu paadum","she will go to the beach on foot tonight and then sing a song"
"ninte key evide","where is your key"
"aval innu raavile assignment ezhuthi","she wrote the assignment this morning"
"ningalkku oru chettan undo","do you have an elder brother"
"njangalkku oru idea und","we have an idea"
"avalude kannadi kattilil und","her glasses are on the bed"
"achane vilikku","call dad"
"ninte pustakam alamarayil und","your book is in the cupboard"
"ee kuppi randaayiram roopa aanu","this bottle is 2000 rupees"
"ee shirt enikk ishtamayi","i liked this shirt"
"thinkalaazhcha namukku kaanam","let's meet on monday"
"ninte appooppan teacher aanu","your grandpa is a teacher"
"ente achan nurse aanu","my dad is a nurse"
"avanu hindi samsarikkan ariyilla","he can't speak hindi"
"avalkku pachakam cheyyan ariyam","she can cook"
"achanu meen curry ishtamalla","dad doesn't like fish curry"
"nammal innu gulfilekku pokunnilla","we are not going to the gulf today"
"nale choodu kooduthal aakumo","it will get hotter tomorrow"
"njan innu rathri bike il marketilekku pokum ennitt oru puthiya paattu paadum","i will go to the market by bike tonight and sing a new song"
"avarude ammayi evide","where is their aunt"
"nee innale meen curry undakkiyilla","you didn't make fish curry yesterday"
"achan biriyani kazhikkumo","will dad eat biryani"
"avar innale ucha kazhinju ettu manikku irangi","they left at eight in the afternoon yesterday"
"amma kazhinja maasam football kalicho","did mom play football last month"
"amma kozhikkodekku poyilla","mom didn't go to kozhikode"
"achan innu puttu kazhikkunnu","dad is eating puttu today"
"avalude achan vakkeel aanu","her dad is a lawyer"
"njangalkku nannayi ezhuthan ariyaam","we can write well"
"avalkku kurachu samayam venamo","does she want some time"
"chechi randu divasam munpu chettane vilichilla","my elder sister didn't call my elder brother two days ago"
"amma nale raavile chapathi kazhikkilla","mom won't eat chapathi tomorrow morning"
"aval raathri aaru manikku varum","she will come at six at night"
"njangal innale vaikunneram anchu manikku urangi","we slept at five in the evening yesterday"
"chettan innu kathu ezhuthunnu","my elder brother is writing a letter today"
"chechikku ippo payasam venam","my elder sister wants payasam now"
"report ezhuthu","write the report"
"achan auto il theatreilekku poyo","did dad go to the theatre by auto"
"aval randu divasam munpu saree vaangiyo","did she buy a saree two days ago"
"ee kuppi pathu roopa aanu","this bottle is 10 rupees"
"njangalkku paalu venda","we don't want milk"
"chechi kazhinja maasam yoga cheythilla","my elder sister didn't do yoga last month"
"njan ennum pathram vaayikkum","i read the newspaper every day"
"avanu samayam illa","he doesn't have time"
"ammakku appam venda","mom doesn't want appam"
"avalude ammavan engineer aanu","her uncle is an engineer"
"chettan nale raavile bus il ambalathilekku pokum pinne volleyball kalikkum","my elder brother will go to the temple by bus tomorrow morning and then play volleyball"
"avar innu rathri kappi kudikkumo","will they drink coffee tonight"
"achan innale raathri ettu manikku ethi","dad reached at eight at night yesterday"
"ammakku boradi aayirunnu","mom was bored"
"onnu news kaanu","please watch the news"
"ninte laptop kattilil und","your laptop is on the bed"
"avar innale train il thiruvananthapurathekku poyilla","they didn't go to trivandrum by train yesterday"
"ammakku thalavedana illa","mom doesn't have a headache"
"teacherinu mazha ishtam aanu","the teacher likes the rain"
"ningal avadhi divasangalil pustakam vaayikkumo","do you read books on holidays"
"ammakku oru bike undo","does mom have a bike"
"ente pen alamarayil und","my pen is in the cupboard"
"namukku kavitha ezhuthaam","let's write a poem"
"ee chappal anpathu roopa aanu","this pair of slippers is 50 rupees"
"chechikku tamil samsarikkan ariyamo","can my elder sister speak tamil"
"namukku nadum vedana illa","we don't have a backache"
"avan aazhchayil onnu sadhanam vaangan pokilla","he doesn't go shopping once a week"
"njangalude kannadi evide","where are our glasses"
"njan oru hindi paattu paadunnu","i am singing a hindi song"
"namukku chaya kudikkam","let's drink tea"
"avante laptop evide","where is his laptop"
"avalude bag bagil und","her bag is in the bag"
"achan innale payasam undakkiyo","did dad make payasam yesterday"
"chechikku beach ishtamano","does my elder sister like the beach"
"amma ennum malayalam samsarikkumo","does mom speak malayalam every day"
"namukku pachakam ishtam aanu","we like cooking"
"avalkku oru cycle undo","does she have a bicycle"
"avar innu rathri auto il bus stopilekku pokum","they will go to the bus stop by auto tonight"
"njan ucha kazhinju pannirandu manikku ethum","i will reach at twelve in the afternoon"
"nee innu dosa kazhikkunnundo","are you eating dosa today"
"aval ippo chaya kudikkunnilla","she is not drinking tea now"
"chechi collegil aayirunno","was my elder sister at college"
"namukku magazine vaayikkam","let's read a magazine"
"achan kanakku cheytho","did dad do the maths problems"
"ningal avadhi divasangalil nadakkan pokumo","do you go for a walk on holidays"
"avanu bike odikkan ariyamo","can he ride a bike"
"namukku kuda edukkam","let's take an umbrella"
"nammal ippol report ezhuthunnu","we are writing the report now"
"njangal raathri aaru manikku urangum","we will sleep at six at night"
"avar chilappol paattu kelkkilla","they don't listen to songs sometimes"
"saree vaangenda","don't buy a saree"
"kuda eduthoo","did you take an umbrella"
"njan soda kudikkunnu","i am drinking soda"
"avan randu divasam munpu science padichu","he studied science two days ago"
"chechi notes ezhuthum","my elder sister will write notes"
"avalkku santhosham illa","she is not happy"
"avan naale music kelkkilla","he won't listen to music tomorrow"
"avan vaikunneram malayalam samsarikkum","he speaks malayalam in the evening"
"njan vegetarian aanu","i am vegetarian"
"teacherinu oru break venda","the teacher doesn't want a break"
"teacherinu vaayana ishtamalla","the teacher doesn't like reading"
"randu kilo aappil tharu","give me two kilos of apples"
"avar kazhinja aazhcha sathyam paranju pinne chor undakki","they told the truth last week and then made rice"
"nee adutha aazhcha pazham vaangilla","you won't buy bananas next week"
"njan innu rathri bus il ambalathilekku pokum pinne radio kelkkum","i will go to the temple by bus tonight and then listen to the radio"
"nee nannayi paadunnu","you sing well"
"njan chilappol yoga cheyyum","i do yoga sometimes"
"kollam","nice"
"nee innu pathram vaayikkunnilla","you are not reading the newspaper today"
"avar adutha aazhcha karikku kudikkumo","will they drink tender coconut water next week"
"chettan innu rathri badminton kalikkum ennitt auto il groundilekku pokum","my elder brother will play badminton and go to the ground by auto tonight"
"chechi adutha aazhcha auto il ambalathilekku pokum pinne mail ezhuthum","my elder sister will go to the temple by auto next week and then write an email"
"njan innu auto il stationilekku pokunnu","i am going to the station by auto today"
"njangal ucha kazhinju ettu manikku pokum","we will go at eight in the afternoon"
"avarude chettan marketil aanu","their elder brother is at the market"
"aval innu rathri car il stationilekku pokum pinne music kelkkum","she will go to the station by car tonight and then listen to music"
"achan vaikunneram pathram vaayikkum","dad reads the newspaper in the evening"
"achan kannuril aanu","dad is in kannur"
"avan kazhinja aazhcha flight il gulfilekku poyi","he went to the gulf by flight last week"
"ente amma shradhayulla aalu aan","my mom is a careful person"
"ente achan pavam aalu aanu","my dad is a kind-hearted person"
"namukku neenthan ariyilla","we can't swim"
"namukku dosa undakkam","let's make dosa"
"avar podcast kelkkum pakshe njaan kelkkilla","they will listen to a podcast but i won't"
"njangal kazhinja aazhcha chaya undakkiyilla","we didn't make tea last week"
"njangalkku whistle adikkan ariyaam","we can whistle"
"teacherinu oru help venam","the teacher wants some help"
"namukku deshyam aayirunnu","we were angry"
"avanu nadakkan ishtamano","does he like walking"
"achanu tension undo","is dad nervous"
"avanu mazha ishtamalla","he doesn't like the rain"
"ente chappal veettil und","my slippers are at home"
"avar dubaiyilekku pokumo","will they go to dubai"
"avarkku kaasu und","they have money"
"chechi ucha kazhinju anchu manikku irangum","my elder sister will leave at five in the afternoon"
"avarude amma driver aanu","their mom is a driver"
"ningalkku samayam undo","do you have time"
"aval train il kottayathekku poyilla","she didn't go to kottayam by train"
"chechikku kali ishtam aan","my elder sister likes playing games"
"velliyaazhcha class illa","there is no class on friday"
"avan kazhinja maasam kozhikkodekku poyi","he went to kozhikode last month"
"avalkku whistle adikkan ariyam","she can whistle"
"avarkku ippo vellam venam","they want water now"
"ninak nannayi ezhuthan ariyilla","you can't write well"
"njangalkku chaya ishtam aanu","we like tea"
"chechi nale auto il groundilekku pokum athu kazhinju doctore vilikkum","my elder sister will go to the ground by auto tomorrow and then afterwards call the doctor"
"avarkku football ishtam aanu","they like football"
"njangal ellaa aazhchayum veetil pani cheyyum","we do chores at home every week"
"avar adutha aazhcha ammaye vilikkum","they will call mom next week"
"njangal randu divasam munpu kadayil vannu","we came to the shop two days ago"
"aval ellaa aazhchayum kulikkumo","does she take a bath every week"
"ee saree ethra roopa aan","how much is this saree"
"chechikku thalavedana und","my elder sister has a headache"
"oru paattu paadenda","don't sing a song"
"ammakku tamil samsarikkan ariyam","mom can speak tamil"
"avan kazhinja maasam report vaayicho","did he read the report last month"
"avan adutha aazhcha music kelkkum","he will listen to music next week"
"ente key mejayil und","my key is on the table"
"namukku puthiya phone vaangam","let's buy a new phone"
"chechikku cricket ishtam aan","my elder sister likes cricket"
"amma theatreil aayirunno","was mom at the theatre"
"namukku cricket match kaanam","let's watch the cricket match"
"avalkku urakkam varunnilla","she is not sleepy"
"njangal chess kalichu","we played chess"
"avalkku whistle adikkan ariyamo","can she whistle"
"suprabhatham","good morning"
"avan rathri vegam ezhunnerkkilla","he doesn't wake up early at night"
"kuttikku meen curry ishtam aanu","the child likes fish curry"
"chechikku nadum vedana undo","does my elder sister have a backache"
"teacher innale raathri pathinonnu manikku urangi","the teacher slept at eleven at night yesterday"
"namukku malayalam samsarikkan ariyilla","we can't speak malayalam"
"njangal kazhinja aazhcha meen curry undakki pinne pen vaangi","we made fish curry last week and then bought a pen"
"chettan innu rathri mail ezhuthum","my elder brother will write an email tonight"
"chovvaazhcha namukku kaanam","let's meet on tuesday"
"chechikku cricket ishtamalla","my elder sister doesn't like cricket"
"chettanu oru kuda venda","my elder brother doesn't want an umbrella"
"biriyani kazhikkanda","don't eat biryani"
"ee shirt pathinaayiram roopa aanu","this shirt is 10,000 rupees"
"aval beachil aayirunno","was she at the beach"
"avarkku kali ishtamalla","they don't like playing games"
"nee kuda vaangum pakshe avar vaangilla","you will buy an umbrella but they won't"
"njangal payasam kazhikkunnu","we are eating payasam"
"nee adutha aazhcha bus il marketilekku pokum ennitt karikku kudikkum","you will go to the market by bus next week and drink tender coconut water"
"kuttikku oru poocha illaa","the child doesn't have a cat"
"avanu kurachu samayam venamo","does he want some time"
"chettan nale english samsarikkum pinne bike il hospitalilekku pokum","my elder brother will speak english and then go to the hospital by bike tomorrow"
"chettan nadannu officilekku pokunnu","my elder brother is going to the office on foot"
"aval vellam kudikkunnilla","she is not drinking water"
"achan alappuzhayil aanu","dad is in alappuzha"
"ningal stationil aano","are you at the station"
"amma bankil illa","mom is not at the bank"
"ammakku ippo deshyam und","mom is angry right now"
"avalkku dosa venamo","does she want dosa"
"avalkku thalavedana undo","does she have a headache"
"amma mumbaiyil aanu","mom is in mumbai"
"achanu vellam venda","dad doesn't want water"
"chechikku santhosham undo","is my elder sister happy"
"aval ennum urangumo","does she sleep every day"
"achan adutha aazhcha stationilekku pokumo","will dad go to the station next week"
"enikku arai kilo ari venam","i need half a kilo of rice"
"kutti innu rathri pen vaangum","the child will buy a pen tonight"
"avarkku oru question illa","they don't have a question"
"ee pustakam aayiram roopa aanu","this book is 1000 rupees"
"avante pen bagil und","his pen is in the bag"
"aval innale vaikunneram aaru manikku poyi","she went at six in the evening yesterday"
"achan nale puthiya phone vaangilla","dad won't buy a new phone tomorrow"
"avan innu rathri assignment ezhuthumo","will he write the assignment tonight"
"avan kazhinja aazhcha oru puthiya paattu paadiyo","did he sing a new song last week"
"avante ammavan nurse aanu","his uncle is a nurse"
"nee randu divasam munpu teachere vilichilla","you didn't call the teacher two days ago"
"achanu kann vedana und","dad has an eye pain"
"chechi bike il hospitalilekku pokumo","will my elder sister go to the hospital by bike"
"teacherinu thanuppu ishtamalla","the teacher doesn't like cold weather"
"achanu vaayana ishtam aanu","dad likes reading"
"ee saree nooru roopa aanu","this saree is 100 rupees"
"ninte aniyan engineer aan","your younger brother is an engineer"
"kuttikku hindi samsarikkan ariyilla","the child can't speak hindi"
"avalude bag muriyil und","her bag is in the room"
"kutti nale raavile chor undakkumo","will the child make rice tomorrow morning"
"ningalkku kappi venamo","do you want coffee"
"avante amma doctor aan","his mom is a doctor"
"oru malayalam paattu paadenda","don't sing a malayalam song"
"njan ippo beachil aanu","i am at the beach now"
"kuttikku deshyam aayirunnu","the child was angry"
"achanu kann vedana undo","does dad have an eye pain"
"njangal innu rathri phone edukkilla","we won't take the phone tonight"
"avarude aniyathi kadakkaran aanu","their younger sister is a shopkeeper"
"avarkku oru laptop und","they have a laptop"
"bag vaangenda","don't buy a bag"
"njan rathri malayalam samsarikkum","i speak malayalam at night"
"chechikku computer upayogikkan ariyamo","can my elder sister use a computer"
"avan rathri chaya kudikkumo","does he drink tea at night"
"avalude amma police aanu","her mom is a police officer"
"achanu oru plan illa","dad doesn't have a plan"
"nammal innale raavile moonu manikku irangi","we left at three in the morning yesterday"
"chechi innu rathri auto il officilekku pokum pinne notes ezhuthum","my elder sister will go to the office by auto tonight and then write notes"
"teacher ippo kavitha vaayikkunnilla","the teacher is not reading a poem now"
"njangalkku samayam und","we have time"
"achanu pachakam cheyyan ariyamo","can dad cook"
"aval kazhinja maasam bus il kottayathekku poyilla","she didn't go to kottayam by bus last month"
"ningalkku oru kuda undo","do you have an umbrella"
"nee adutha aazhcha chaya kudikkum","you will drink tea next week"
"chettanu mazha ishtamano","does my elder brother like the rain"
"kutti car il theatreilekku poyilla","the child didn't go to the theatre by car"
"kutti raathri pannirandu manikku varum","the child will come at twelve at night"
"kutti innale achane vilichilla","the child didn't call dad yesterday"
"ammakku payasam ishtamano","does mom like payasam"
"namukku ticket edukkam","let's take the ticket"
"avarkku cricket ishtamano","do they like cricket"
"ammakku oru laptop undo","does mom have a laptop"
"ninakku urakkam varunnundo","are you sleepy"
"aval innu rathri pen vaangumo","will she buy a pen tonight"
"njangal nale message vaayikkum ennitt car il ambalathilekku pokum","we will read the message and go to the temple by car tomorrow"
"ee thorthu pathinaayiram roopa aanu","this towel is 10,000 rupees"
"avan innu rathri kozhi kazhikkum pinne bike il airportilekku pokum","he will eat chicken and then go to the airport by bike tonight"
"avante kuppi evide","where is his bottle"
"chechi innale ucha kazhinju ettu manikku ethi","my elder sister reached at eight in the afternoon yesterday"
"avalkku padikkan ishtamalla","she doesn't like studying"
"avan ippo officil illa","he is not at the office now"
"ninakku oru phone illa","you don't have a phone"
"signal illa","there is no signal"
"avalude ammachi hotelil aanu","her grandma is at the hotel"
"avanu santhosham undo","is he happy"
"ningal innu shirt vaangunnundo","are you buying a shirt today"
"ee shoes aayiram roopa aan","this pair of shoes is 1000 rupees"
"chapathi kazhikkanda","don't eat chapathi"
"avar adutha maasam podcast kelkkumo","will they listen to a podcast next month"
"teacher ticket edukkunnilla","the teacher is not taking the ticket"
"english padikku","study english"
"ee laptop aayiram roopa aanu","this laptop is 1000 rupees"
"avalkku ippo kurachu samayam venam","she wants some time now"
"avanu kai vedana illa","he doesn't have a pain in the hand"
"pinne kaanam machane","see you later bro"
"ee watch enikku ishtamayi","i liked this watch"
"kutti adutha aazhcha achane vilikkilla","the child won't call dad next week"
"chechikku jalado illa","my elder sister doesn't have a cold"
"chechikku urakkam varunnu","my elder sister is sleepy"
"ninakku ippo tension und","you are nervous right now"
"naale mazha peyyumo","it will rain tomorrow"
"ninak oru laptop venamo","do you want a laptop"
"njangal innale key eduthilla","we didn't take the key yesterday"
"namukku oru veedu illa","we don't have a house"
"aval innale oru malayalam paattu paadi pinne serial kandu","she sang a malayalam song yesterday and then watched a serial"
"njangal pustakam vaayikkunnu","we are reading a book"
"aval ennum tv kaanumo","does she watch tv every day"
"avan hotelil aanu","he is at the hotel"
"nee randu divasam munpu payasam undakkiyo","did you make payasam two days ago"
"njangal innale raathri aaru manikku vannu","we came at six at night yesterday"
"avan ippol project cheyyunnilla","he is not doing the project now"
"teacher kazhinja maasam paattu ketto","did the teacher listen to songs last month"
"nee ippo puthiya phone vaangunnu","you are buying a new phone now"
"nee oru nunna parayum pakshe avar parayilla","you will tell a lie but they won't"
"namukku kaal vedana und","we have a leg pain"
"ee saree pathinaayiram roopa aan","this saree is 10,000 rupees"
"aval innale raavile moonu manikku vannu","she came at three in the morning yesterday"
"onnu sathyam parayu","please tell the truth"
"avan adutha aazhcha nadannu theatreilekku pokum pinne news kelkkum","he will go to the theatre on foot next week and then listen to the news"
"chechikku chor venamo","does my elder sister want rice"
"njangal kazhinja aazhcha bankil aayirunnu","we were at the bank last week"
"enikku oru pen illa","i don't have a pen"
"chettanu deshyam aayirunnu","my elder brother was angry"
"ninte laptop bagil undu","your laptop is in the bag"
"achan adutha maasam oru puthiya paattu paadilla","dad won't sing a new song next month"
"avan raavile pathram vaayikkilla","he doesn't read the newspaper in the morning"
"achan adutha aazhcha key edukkum pinne officilekku pokum","dad will take the key and then go to the office next week"
"teacher ippo notes ezhuthunnu","the teacher is writing notes now"
"avalkku kaasu und","she has money"
"njaan ennum paalu kudikkilla","i don't drink milk every day"
"avan ellaa aazhchayum yoga cheyyilla","he doesn't do yoga every week"
"avanu thondayil vedana undu","he has a sore throat"
"achan ippo theatreil aanu","dad is at the theatre now"
"innu nalla thanuppu aan","it is cool today"
"chovvaazhcha avadhi aanu","tuesday is a holiday"
"avar innu payasam kazhikkunnilla","they are not eating payasam today"
"ente teacher pavam aalu aanu","my teacher is a kind-hearted person"
"njangalude ammachi kadakkaran aanu","our grandma is a shopkeeper"
"avalude aniyan teacher aan","her younger brother is a teacher"
"teacher rathri urangum","the teacher sleeps at night"
"aval ambalathil aano","is she at the temple"
"achanu oru naayi undo","does dad have a dog"
"nee innu rathri science padikkilla","you won't study science tonight"
"njan adutha maasam nattil varum","i will come to my hometown next month"
"ee bag irunooru roopa aanu","this bag is 200 rupees"
"chettan innale moonu manikku poyi","my elder brother went at three yesterday"
"avalude ammayi nurse aanu","her aunt is a nurse"
"ee kuda kollaam","this umbrella is nice"
"avarkku oru aniyan illa","they don't have a younger brother"
"avarude bag evide","where is their bag"
"namukku teachere vilikkam","let's call the teacher"
"nee innu rathri cricket kalikkum ennitt bus il bus stopilekku pokum","you will play cricket and go to the bus stop by bus tonight"
"avan kazhinja maasam english padichu","he studied english last month"
"ningal rathri cricket kalikkumo","do you play cricket at night"
"avarude chechi karshakan aanu","their elder sister is a farmer"
"achan adutha maasam kochiyilekku pokilla","dad won't go to kochi next month"
"avan ucha kazhinju pannirandu manikku urangum","he will sleep at twelve in the afternoon"
"ente amma police aanu","my mom is a police officer"
"avarude amma evide","where is their mom"
"njan nale raavile vellam kudikkum pinne nadannu kadayilekku pokum","i will drink water and then go to the shop on foot tomorrow morning"
"avalkku pachakam cheyyan ariyilla","she can't cook"
"kutti appam kazhikkunnundo","is the child eating appam"
"nee nale bus il nattilekku pokum","you will go to my hometown by bus tomorrow"
"amma innu raavile bus stopil aayirunnu","mom was at the bus stop this morning"
"teacher innu rathri thrissurilekku pokumo","will the teacher go to thrissur tonight"
"kozhi kazhikku","eat chicken"
"aval rathri pachakam cheyyumo","does she cook at night"
"amma nale bike il ambalathilekku pokum ennitt kavitha ezhuthum","mom will go to the temple by bike tomorrow and write a poem"
"chettan ennum urangilla","my elder brother doesn't sleep every day"
"teacherinu payasam ishtam aanu","the teacher likes payasam"
"avar innale cricket kalichu pinne malayalam samsarichu","they played cricket yesterday and then spoke malayalam"
"kutti kazhinja aazhcha bike il collegilekku poyo","did the child go to college by bike last week"
"namukku guitar vaayikkan ariyam","we can play the guitar"
"chechikku kaal vedana undo","does my elder sister have a leg pain"
"avar innale ettu manikku vannu","they came at eight yesterday"
"avar kazhinja maasam chennaiyilekku poyilla","they didn't go to chennai last month"
"nee innale chaya undakki pinne kuda vaangi","you made tea yesterday and then bought an umbrella"
"thinkalaazhcha class illa","there is no class on monday"
"avanu oru veedu und","he has a house"
"achanu oru plan undo","does dad have a plan"
"teacher vaikunneram cricket kalikkilla","the teacher doesn't play cricket in the evening"
"chettan kazhinja aazhcha podcast kettu","my elder brother listened to a podcast last week"
"nee report vaayikkunnu","you are reading the report"
"ningal innu raavile chapathi kazhicho","did you eat chapathi this morning"
"avar chilappol bus il pokum","they go by bus sometimes"
"avan kazhinja aazhcha bus il bankilekku poyo","did he go to the bank by bus last week"
"ninakku oru problem und","you have a problem"
"teacherinu ippol oru kuda venam","the teacher wants an umbrella now"
"nammal raavile pustakam vaayikkum","we read books in the morning"
"onnu oru malayalam paattu paadu","please sing a malayalam song"
"nee innu raavile maths padichu pinne oru nunna paranju","you studied maths this morning and then told a lie"
"avalkku kann vedana undo","does she have an eye pain"
"aval innu rathri assignment cheyyum","she will do the assignment tonight"
"njangal innale pani cheythu","we did the work yesterday"
"onnu project cheyyu","please do the project"
"chechi innu pazham vaangunnilla","my elder sister is not buying bananas today"
"teacherinu kai vedana und","the teacher has a pain in the hand"
"avan vyayamam cheyyum pakshe aval cheyyilla","he will do exercise but she won't"
"enikku bus il irikkan sthalam kittiyilla","i didn't get a seat on the bus"
"ammakku thalavedana undo","does mom have a headache"
"aval chilappol veetil pani cheyyilla","she doesn't do chores at home sometimes"
"aval innale pathu manikku irangi","she left at ten yesterday"
"ee kuda mosham aanu","this umbrella is bad"
"avalkku sankadam und","she is sad"
"chechi ennum bus il pokum","my elder sister goes by bus every day"
"achanu pani undu","dad has work"
"ningalkku nadum vedana undo","do you have a backache"
"enikku ippo chor venam","i want rice now"
"avalkku deshyam undo","is she angry"
"achanu cricket ishtamano","does dad like cricket"
"ente laptop evide","where is my laptop"
"enikku ninte phone tharamo","can you give me your phone"
"nee adutha maasam report ezhuthilla","you won't write the report next month"
"njangalude ammayi engineer aanu","our aunt is an engineer"
"njangal kazhinja aazhcha soda kudichu","we drank soda last week"
"namukku assignment cheyyam","let's do the assignment"
"namukku thalavedana illaa","we don't have a headache"
"avalude ammayi kottayathu aanu","her aunt is in kottayam"
"namukku oru kada illaa","we don't have a shop"
"avalude achan evide","where is her dad"
"teacher innale hospitalil aayirunnu","the teacher was at the hospital yesterday"
"chechi ennum sadhanam vaangan pokumo","does my elder sister go shopping every day"
"ninte ticket evide","where is your ticket"
"aval hospitalil aano","is she at the hospital"
"chettan nale oru paattu paadum pinne car il marketilekku pokum","my elder brother will sing a song and then go to the market by car tomorrow"
"avalude ammachi evide","where is her grandma"
"chechikku oru laptop venda","my elder sister doesn't want a laptop"
"njan dubaiyil aanu","i am in dubai"
"ninte abhiprayam thettaanu","you are wrong"
"avan innu raavile chor undakkiyo","did he make rice this morning"
"chechi thrissurilekku poyi","my elder sister went to thrissur"
"onnu pazham vaangu","please buy bananas"
"ee saree vila kooduthal aanu","this saree is too expensive"
"nee ucha kazhinju ezhu manikku ethum","you will reach at seven in the afternoon"
"bus ennu varum","when will the bus come"
"aval adutha maasam car il bangaloreilekku pokilla","she won't go to bangalore by car next month"
"njangalude aniyathi doctor aanu","our younger sister is a doctor"
"achanu kai vedana und","dad has a pain in the hand"
"avante chappal mejayil undu","his slippers are on the table"
"amma chilappol pathram vaayikkumo","does mom read the newspaper sometimes"
"enikk vellam tharamo","can you give me some water"
"njangalude ammachi dubaiyil aan","our grandma is in dubai"
"avar pazham vaangunnundo","are they buying bananas"
"avar ellaa aazhchayum kadha ezhuthumo","do they write stories every week"
"teacher rathri pathram vaayikkum","the teacher reads the newspaper at night"
"achanu computer upayogikkan ariyilla","dad can't use a computer"
"aval nadannu hospitalilekku pokum","she will go to the hospital on foot"
"avante amma karshakan aan","his mom is a farmer"
"avarkku pachakam ishtam aan","they like cooking"
"chettan avadhi divasangalil urangumo","does my elder brother sleep on holidays"
"achan nale english padikkum pinne auto il bankilekku pokum","dad will study english and then go to the bank by auto tomorrow"
"namukku chaya ishtamalla","we don't like tea"
"ningal nale sambar undakkumo","will you make sambar tomorrow"
"avan thamasha parayunna aalu aanu","he is a funny person"
"ningal airportil aano","are you at the airport"
"aval ethra manikku ezhunnerkkum","what time will she wake up"
"avan ethra manikku varum","what time will he come"
"aval rathri paalu kudikkum","she drinks milk at night"
"nee innu rathri bus il collegilekku pokum athu kazhinju chapathi kazhikkum","you will go to college by bus tonight and then afterwards eat chapathi"
"nee ennum veettil pani cheyyum","you do chores at home every day"
"namukku urakkam varunnu","we are sleepy"
"kutti innu bus il hotelilekku pokunnu","the child is going to the hotel by bus today"
"avarkku cinema ishtam aanu","they like movies"
"achanu oru phone undo","does dad have a phone"
"chettane vilikku","call my elder brother"
"ammakku oru kada undo","does mom have a shop"
"aval innale raathri moonu manikku urangi","she slept at three at night yesterday"
"avalude chechi evide","where is her elder sister"
"kazhinja aazhcha kaattu adichu","it was windy last week"
"onnu computer padikku","please study computer science"
"nammal avadhi divasangalil pathram vaayikkilla","we don't read the newspaper on holidays"
"chettanu hindi samsarikkan ariyilla","my elder brother can't speak hindi"
"chechi vaikunneram veettil pani cheyyumo","does my elder sister do chores at home in the evening"
"nalla paattu aanu","it is a nice song"
"avante ammavan nattil aanu","his uncle is in my hometown"
"ayyo","oh no"
"enthada sugale","how are you bro"
"njangal adutha aazhcha badminton kalikkilla","we won't play badminton next week"
"oru kadha parayenda","don't tell a story"
"chettan chilappol bus il pokilla","my elder brother doesn't go by bus sometimes"
"teacher randu divasam munpu report vaayichu","the teacher read the report two days ago"
"achan innale raathri onpathu manikku poyi","dad went at nine at night yesterday"
"chettanu vishakkunnu","my elder brother is hungry"
"chettan naale volleyball kalikkumo","will my elder brother play volleyball tomorrow"
"teacher adutha maasam gulfilekku pokilla","the teacher won't go to the gulf next month"
"chechikku oru help venda","my elder sister doesn't want some help"
"namukku oru help venda","we don't want some help"
"ningalkku oru aniyan undo","do you have a younger brother"
"njangal nale raavile cinema kaanum ennitt auto il beachilekku pokum","we will watch a movie and go to the beach by auto tomorrow morning"
"nee ethra manikku varum","what time will you come"
"avanu paattu ishtamano","does he like songs"
"aval innu bike il stationilekku pokunnundo","is she going to the station by bike today"
"chettan randu divasam munpu train il thrissurilekku poyi","my elder brother went to thrissur by train two days ago"
"ee laptop ethra roopa aan","how much is this laptop"
"amma innale chess kalicho","did mom play chess yesterday"
"avalude amma karshakan aanu","her mom is a farmer"
"nee kollathekku poyi","you went to kollam"
"avar innu rathri bike il kadayilekku pokum athu kazhinju paattu kelkkum","they will go to the shop by bike tonight and then afterwards listen to songs"
"teachere vilikku","call the teacher"
"nee innu rathri car il ambalathilekku pokumo","will you go to the temple by car tonight"
"namukku oru aniyan und","we have a younger brother"
"namukku kuda vaangam","let's buy an umbrella"
"avarude ammachi evide","where is their grandma"
"kutti auto il theatreilekku pokunnu","the child is going to the theatre by auto"
"arai kilo ari tharu","give me half a kilo of rice"
"chettan naale nadannu schoolilekku pokum pinne rahasyam parayum","my elder brother will go to school on foot tomorrow and then tell the secret"
"avarkku paalu venamo","do they want milk"
"namukku payasam ishtamalla","we don't like payasam"
"chettan innu bus il officilekku pokunnilla","my elder brother is not going to the office by bus today"
"chettanu ippo kurachu vellam venam","my elder brother wants some water now"
"tv kaananda","don't watch tv"
"avalkku oru pen venamo","does she want a pen"
"chechi raavile naalu manikku pokum","my elder sister will go at four in the morning"
"teacherinu ice cream venamo","does the teacher want ice cream"
"enikk oru aniyathi illa","i don't have a younger sister"
"njangalkku oru idea illaa","we don't have an idea"
"chettan kazhinja maasam pariksha ezhuthiyo","did my elder brother write the exam last month"
"aval chilappol pachakam cheyyilla","she doesn't cook sometimes"
"chechi naale raavile theatreilekku pokum ennitt biriyani undakkum","my elder sister will go to the theatre tomorrow morning and make biryani"
"enikku anchu kilo pazham venam","i need five kilos of bananas"
"chettan avadhi divasangalil chaya kudikkilla","my elder brother doesn't drink tea on holidays"
"njangal innu rathri report ezhuthum","we will write the report tonight"
"kuttikku oru problem undo","does the child have a problem"
"kutti avadhi divasangalil nadakkan pokilla","the child doesn't go for a walk on holidays"
"avanu jalado illa","he doesn't have a cold"
"njan nannayi padichu","i studied well"
"achan innale raathri moonu manikku poyi","dad went at three at night yesterday"
"ente ticket officil und","my ticket is at the office"
"innu class illa","there is no class today"
"avarkku oru puthiya phone venamo","do they want a new phone"
"avan nale raavile nadannu groundilekku pokum ennitt chess kalikkum","he will go to the ground on foot tomorrow morning and play chess"
"nammal anchu manikku ezhunnerkkum","we will wake up at five"
"pachakkari vaangikkoo","buy some vegetables"
"kuttikku english samsarikkan ariyam","the child can speak english"
"kuttikku samayam und","the child has time"
"ninakku dosa venamo","do you want dosa"
"ningal ethra manikku ethum","what time will you reach"
"ee shirt randaayiram roopa aanu","this shirt is 2000 rupees"
"avalude kuda muriyil und","her umbrella is in the room"
"nee kazhinja aazhcha project cheythu pinne dosa undakki","you did the project last week and then made dosa"
"ente chettan deshyam vegam varunna aalu aanu","my elder brother is a short-tempered person"
"aval innale ezhu manikku urangi","she slept at seven yesterday"
"avarude achan nurse aanu","their dad is a nurse"
"avar kazhinja aazhcha bus il delhiyilekku poyi","they went to delhi by bus last week"
"avan innu dosa undakkunnu","he is making dosa today"
"volleyball kalikkenda","don't play volleyball"
"ammakku tension aayirunnu","mom was nervous"
"aval avadhi divasangalil tv kaanum","she watches tv on holidays"
"teacher nale raavile pen vaangum","the teacher will buy a pen tomorrow morning"
"uppu kuravaanu","there is too little salt"
"ninte ammayi nurse aanu","your aunt is a nurse"
"enikku biriyani venda","i don't want biryani"
"ente achan kadakkaran aanu","my dad is a shopkeeper"
"njangal adutha aazhcha bike il theatreilekku pokum pinne pustakam vaayikkum","we will go to the theatre by bike next week and then read a book"
"avante ammayi mumbaiyil aanu","his aunt is in mumbai"
"avar ethra manikku irangum","what time will they leave"
"njan innu rathri homework cheyyum athu kazhinju schoolilekku pokum","i will do homework and then afterwards go to school tonight"
"chettan innale report vaayichu","my elder brother read the report yesterday"
"teacherinu chess kalikkan ariyamo","can the teacher play chess"
"kutti ippo ticket edukkunnilla","the child is not taking the ticket now"
"nammal innale chor undakki","we made rice yesterday"
"avalude charger veettil und","her charger is at home"
"kutti ippo kozhi kazhikkunnu","the child is eating chicken now"
"ninte achan karshakan aanu","your dad is a farmer"
"achanu daahikkunnilla","dad is not thirsty"
"road valare mosham aanu","the road is in a very bad state"
"ammakku thondayil vedana und","mom has a sore throat"
"teacher ellaa aazhchayum paalu kudikkilla","the teacher doesn't drink milk every week"
"avarkku chaya venda","they don't want tea"
"ente ammachi kadakkaran aanu","my grandma is a shopkeeper"
"avalkku guitar vaayikkan ariyilla","she can't play the guitar"
"aval hindi samsarikkum pakshe njaan samsarikkilla","she will speak hindi but i won't"
"onnu music kelkku","please listen to music"
"chechi anchu manikku varum","my elder sister will come at five"
"njangal adutha aazhcha kozhi kazhikkum athu kazhinju car il beachilekku pokum","we will eat chicken and then afterwards go to the beach by car next week"
"njaan maths padikkum pakshe avan padikkilla","i will study maths but he won't"
"nee innu rathri bus il thiruvananthapurathekku pokumo","will you go to trivandrum by bus tonight"
"avarkku santhosham aayirunnu","they were happy"
"avan adutha maasam photo edukkilla","he won't take a photo next month"
"ee chappal anchaayiram roopa aanu","this pair of slippers is 5000 rupees"
"ente achan kashtappettu pani cheyyunna aalu aanu","my dad is a hard-working person"
"teacher english padikkum","the teacher will study english"
"avalude aniyan nurse aanu","her younger brother is a nurse"
"kuttikku ippo juice venam","the child wants juice now"
"achanu oru car illa","dad doesn't have a car"
"achan adutha maasam football match kaanumo","will dad watch the football match next month"
"njangal kathu vaayichu","we read a letter"
"chettanu oru cycle illa","my elder brother doesn't have a bicycle"
"chechikku oru problem undo","does my elder sister have a problem"
"teacher ippo car il kannurilekku pokunnilla","the teacher is not going to kannur by car now"
"chechikku aashwasam illa","my elder sister is not relieved"
"phone edukkenda","don't take the phone"
"kuttikku oru doubt undu","the child has a doubt"
"nee innu rathri auto il hotelilekku pokum pinne chaya kudikkum","you will go to the hotel by auto tonight and then drink tea"
"nale thinkalaazhcha aanu","tomorrow is monday"
"avalude kannadi evide","where are her glasses"
"teacherinu nannayi ezhuthan ariyaam","the teacher can write well"
"chechi randu divasam munpu hindi samsarichilla","my elder sister didn't speak hindi two days ago"
"photo edukkenda","don't take a photo"
"achanu dosa venamo","does dad want dosa"
"ente chechi police aanu","my elder sister is a police officer"
"avarkku deshyam illa","they are not angry"
"chechi ennum paalu kudikkilla","my elder sister doesn't drink milk every day"
"teacherinu oru pen venda","the teacher doesn't want a pen"
"onnu video kaanu","please watch a video"
"chettanu kurachu vellam venamo","does my elder brother want some water"
"avarkku madhuram ishtamano","do they like sweets"
"avar cricket kalikkum pakshe aval kalikkilla","they will play cricket but she won't"
"ente amma evide","where is my mom"
"njan innu rathri podcast kelkkum ennitt bus il kadayilekku pokum","i will listen to a podcast and go to the shop by bus tonight"
"dosa kazhikkanda","don't eat dosa"
"ningal avadhi divasangalil kulikkumo","do you take a bath on holidays"
"avalude achan nurse aanu","her dad is a nurse"
"teacherinu oru chettan und","the teacher has an elder brother"
"onnu pustakam vaayikku","please read a book"
"avalkku vellam venda","she doesn't want water"
"avante kuda evide","where is his umbrella"
"chaya kudikkanda","don't drink tea"
"nammal naale english samsarikkilla","we won't speak english tomorrow"
"ninakku oru aniyan undo","do you have a younger brother"
"aval kazhinja aazhcha english samsarichu pinne vellam kudichu","she spoke english last week and then drank water"
"light idu","turn on the light"
"ammakku oru laptop und","mom has a laptop"
"avan kadayil aano","is he at the shop"
"avalkku mazha ishtamalla","she doesn't like the rain"
"aval innu rathri volleyball kalikkum ennitt bike il hospitalilekku pokum","she will play volleyball and go to the hospital by bike tonight"
"enikku oru break venda","i don't want a break"
"ee thorthu irupathu roopa aanu","this towel is 20 rupees"
"ninte aniyathi nurse aanu","your younger sister is a nurse"
"aval innu oru hindi paattu paadunnu","she is singing a hindi song today"
"avanu oru naayi und","he has a dog"
"ningalkku kali ishtamano","do you like playing games"
"avarkku vayaru vedana und","they have a stomach ache"
"amma nale raavile nadannu libraryilekku pokum pinne tv kaanum","mom will go to the library on foot tomorrow morning and then watch tv"
"cinema kaanu","watch a movie"
"njan adutha maasam soda kudikkilla","i won't drink soda next month"
"chettanu meen curry ishtamano","does my elder brother like fish curry"
"nee innu bike il schoolilekku pokunnilla","you are not going to school by bike today"
"amma assignment ezhuthumo","will mom write the assignment"
"nammal innale pannirandu manikku vannu","we came at twelve yesterday"
"njangalude amma kadakkaran aan","our mom is a shopkeeper"
"achanu thanuppu ishtamalla","dad doesn't like cold weather"
"avan raavile tv kaanumo","does he watch tv in the morning"
"nee kazhinja aazhcha meen curry undakki pinne yoga cheythu","you made fish curry last week and then did yoga"
"chechikku guitar vaayikkan ariyam","my elder sister can play the guitar"
"nammal innu rathri pani cheyyum","we will do the work tonight"
"ningal adutha aazhcha oru paattu paadumo","will you sing a song next week"
"mone","son"
"njaan ucha kazhinju ezhu manikku urangum","i will sleep at seven in the afternoon"
"avanu kappi venda","he doesn't want coffee"
"teacher adutha maasam idli kazhikkilla","the teacher won't eat idli next month"
"ammakku oru bike und","mom has a bike"
"namukku kathu ezhuthaam","let's write a letter"
"achan nale raavile kanakku cheyyum athu kazhinju bus il marketilekku pokum","dad will do the maths problems and then afterwards go to the market by bus tomorrow morning"
"avarude aniyan nurse aanu","their younger brother is a nurse"
"ammakku ippo santhosham undu","mom is happy right now"
"njangalude key evideya","where is our key"
"njangal ippo english padikkunnu","we are studying english now"
"avalkku meen curry ishtamano","does she like fish curry"
"avante charger muriyil und","his charger is in the room"
"teacherinu cricket ishtamalla","the teacher doesn't like cricket"
"njangalkku kann vedana illa","we don't have an eye pain"
"budhanaazhcha exam und","there is an exam on wednesday"
"njangal thiruvananthapurathekku pokunnu","we are going to trivandrum"
"achan kazhinja aazhcha pachakkari vaangi","dad bought vegetables last week"
"ground il pokam","let's go to the ground"
"avante ammavan police aanu","his uncle is a police officer"
"njan nale raavile nadannu officilekku pokum","i will go to the office on foot tomorrow morning"
"amma raathri onnu manikku irangum","mom will leave at one at night"
"avar car il bus stopilekku pokunnilla","they are not going to the bus stop by car"
"chettan raavile chaya kudikkilla","my elder brother doesn't drink tea in the morning"
"avar theatreil illaa","they are not at the theatre"
"kutti rathri tv kaanilla","the child doesn't watch tv at night"
"njan cinema kaanum pakshe avan kaanilla","i will watch a movie but he won't"
"avan vaikunneram malayalam samsarikkilla","he doesn't speak malayalam in the evening"
"njangal innale vaikunneram randu manikku ethi","we reached at two in the evening yesterday"
"njangal innu raavile sathyam paranju pinne yoga cheythu","we told the truth this morning and then did yoga"
"avar innale raavile randu manikku poyi","they went at two in the morning yesterday"
"avan ethra manikku pokum","what time will he go"
"eppozha varunne","when are you coming"
"njan adutha aazhcha malayalam samsarikkum athu kazhinju libraryilekku pokum","i will speak malayalam and then afterwards go to the library next week"
"avarkku ippo oru laptop venam","they want a laptop now"
"padam ennu release aakum","when will the movie be released"
"amma nale raavile malayalam samsarikkumo","will mom speak malayalam tomorrow morning"
"avan nalla jolikkaranu","he is a hard worker"
"football match kaanu","watch the football match"
"avalude key kattilil und","her key is on the bed"
"chettan adutha aazhcha bike il veettilekku pokum pinne biriyani kazhikkum","my elder brother will go home by bike next week and then eat biryani"
"amma innale ucha kazhinju ettu manikku urangi","mom slept at eight in the afternoon yesterday"
"njangalkku vayaru vedana und","we have a stomach ache"
"kutti nale bus il kollathekku pokilla","the child won't go to kollam by bus tomorrow"
"njangal adutha aazhcha beachilekku pokum ennitt shirt vaangum","we will go to the beach next week and buy a shirt"
"njangal innu rathri kadayil varum","we will come to the shop tonight"
"kutti ippo puttu kazhikkunnundo","is the child eating puttu now"
"njan ippo kuda vaangunnilla","i am not buying an umbrella now"
"njan maappu chodikkunnu","i am sorry"
"ammakku vishakkunnilla","mom is not hungry"
"chechikku pani illa","my elder sister doesn't have a fever"
"njangalkku kali ishtam aanu","we like playing games"
"aval innu rathri nadannu airportilekku pokum pinne oru thamasha parayum","she will go to the airport on foot tonight and then tell a joke"
"aaranu ithu","who is this"
"ee shirt nooru roopa aan","this shirt is 100 rupees"
"avante aniyathi airportil aanu","his younger sister is at the airport"
"avalude kuda mejayil und","her umbrella is on the table"
"ninte marks ethra","what are your marks"
"enikku payasam venda","i don't want payasam"
"avalude pustakam officil und","her book is at the office"
"ninte chettan hospitalil aanu","your elder brother is at the hospital"
"njan english samsarikkum pakshe aval samsarikkilla","i will speak english but she won't"
"achanu dosa venda","dad doesn't want dosa"
"chettan adutha aazhcha bike il ambalathilekku pokum pinne oru pazhaya paattu paadum","my elder brother will go to the temple by bike next week and then sing an old song"
"avanu kaal vedana illa","he doesn't have a leg pain"
"venda","no"
"nee innu rathri bus il schoolilekku pokum athu kazhinju malayalam samsarikkum","you will go to school by bus tonight and then afterwards speak malayalam"
"amma innale ucha kazhinju naalu manikku poyi","mom went at four in the afternoon yesterday"
"pachakkari vaangu","buy vegetables"
"avar juice kudikkum pakshe aval kudikkilla","they will drink juice but she won't"
"avalkku oru plan und","she has a plan"
"avan randu divasam munpu thiruvananthapurathekku poyi","he went to trivandrum two days ago"
"nee kazhinja aazhcha oru pazhaya paattu paadi pinne idli kazhichu","you sang an old song last week and then ate idli"
"avar innu science padikkunnu","they are studying science today"
"amma kazhinja maasam schoolil vannu","mom came to school last month"
"njangalude appooppan kozhikkodu aanu","our grandpa is in kozhikode"
"kuttikku deshyam illaa","the child is not angry"
"chechikku whistle adikkan ariyilla","my elder sister can't whistle"
"avan hospitalil aano","is he at the hospital"
"chechi bankil aano","is my elder sister at the bank"
"ammakku payasam ishtamalla","mom doesn't like payasam"
"ee saree irupathu roopa aan","this saree is 20 rupees"
"kuttikku cinema ishtam aanu","the child likes movies"
"avarude chettan evide","where is their elder brother"
"ee mundu pathinaayiram roopa aanu","this mundu is 10,000 rupees"
"climax kidilam aayirunnu","the climax was awesome"
"chechikku biriyani ishtamalla","my elder sister doesn't like biryani"
"computer padikkenda","don't study computer science"
"avalkku pallu vedana illa","she doesn't have a toothache"
"njan innu pazham vaangunnilla","i am not buying bananas today"
"namukku ippol appam venam","we want appam now"
"ente ammayi driver aan","my aunt is a driver"
"nee innu rathri car il airportilekku pokum athu kazhinju chess kalikkum","you will go to the airport by car tonight and then afterwards play chess"
"kuttikku payasam ishtam aan","the child likes payasam"
"amma kazhinja maasam kuda eduthilla","mom didn't take an umbrella last month"
"njan kazhinja aazhcha thiruvananthapurathekku poyilla","i didn't go to trivandrum last week"
"ithu valare tasty aanu","this is very tasty"
"nee innu rathri ticket vaangilla","you won't buy the ticket tonight"
"njan nale varunnundu","i am coming tomorrow"
"teacher adutha aazhcha cricket kalikkum","the teacher will play cricket next week"
"teacher rathri chaya kudikkilla","the teacher doesn't drink tea at night"
"chechikku football ishtam aanu","my elder sister likes football"
"njan innale raavile aaru manikku ezhunnettu","i woke up at six in the morning yesterday"
"ninakku oru pen illa","you don't have a pen"
"teacher chechiye vilikkum","the teacher will call my elder sister"
"ammakku pachakam ishtamalla","mom doesn't like cooking"
"avarkku oru question undo","do they have a question"
"njan chor undakkum pakshe aval undakkilla","i will make rice but she won't"
"ee size undo","do you have this size"
"chettan raavile paattu kelkkilla","my elder brother doesn't listen to songs in the morning"
"assignment ezhuthu","write the assignment"
"avarkku thanuppu ishtamalla","they don't like cold weather"
"chechi kazhinja maasam schoolil vannu","my elder sister came to school last month"
"avarkku pachakam ishtamano","do they like cooking"
"avanu chithram varakkan ariyamo","can he draw"
"chettan music ketto","did my elder brother listen to music"
"nee kazhinja aazhcha bus il officilekku poyilla","you didn't go to the office by bus last week"
"avalude aniyan thiruvananthapurathu aanu","her younger brother is in trivandrum"
"njan adutha aazhcha oru leave edukkum pinne auto il veettilekku pokum","i will take a leave and then go home by auto next week"
"njangal innale homework cheythu pinne podcast kettu","we did homework yesterday and then listened to a podcast"
"avar kazhinja maasam mutta kazhichilla","they didn't eat an egg last month"
"whatsapp il ayakkoo","send it on whatsapp"
"chettan nale saree vaangilla","my elder brother won't buy a saree tomorrow"
"namukku car odikkan ariyilla","we can't drive a car"
"nee naale raavile pazham vaangum ennitt auto il veettilekku pokum","you will buy bananas and go home by auto tomorrow morning"
"ninak kaal vedana undo","do you have a leg pain"
"avar bus stopilekku pokumo","will they go to the bus stop"
"aval nale thiruvananthapurathekku pokum","she will go to trivandrum tomorrow"
"njangal nale raavile puthiya phone vaangum pinne nadannu bankilekku pokum","we will buy a new phone and then go to the bank on foot tomorrow morning"
"avalude kannadi muriyil und","her glasses are in the room"
"avarkku chaya ishtamano","do they like tea"
"nee aaru manikku varum","you will come at six"
"chechikku paattu ishtamalla","my elder sister doesn't like songs"
"avar badminton kalikkum pakshe aval kalikkilla","they will play badminton but she won't"
"namukku manga kazhikkam","let's eat a mango"
"chechi ettu manikku varum","my elder sister will come at eight"
"avalkku yathra ishtamalla","she doesn't like travelling"
"ee kuppi pathinaayiram roopa aanu","this bottle is 10,000 rupees"
"amma nale bus il schoolilekku pokum ennitt english samsarikkum","mom will go to school by bus tomorrow and speak english"
"ammakku oru pen venda","mom doesn't want a pen"
"chettanu meen curry ishtam aanu","my elder brother likes fish curry"
"nee randu divasam munpu kappi kudicho","did you drink coffee two days ago"
"ammakku chithram varakkan ariyamo","can mom draw"
"njaan nadannu groundilekku poyi","i went to the ground on foot"
"kutti innu kuda edukkunnilla","the child is not taking an umbrella today"
"avarkku meen curry ishtamalla","they don't like fish curry"
"chechikku oru chechi undo","does my elder sister have an elder sister"
"njan innu report vaayikkunnu","i am reading the report today"
"avarkku bhayam illaa","they are not scared"
"avarkku kazhuthu vedana illa","they don't have a neck pain"
"avar bag vaangum pakshe avan vaangilla","they will buy a bag but he won't"
"ninakku madhuram ishtam aanu","you like sweets"
"ente notes tharamo","can you give me your notes"
"njangal adutha aazhcha car il collegilekku pokum","we will go to college by car next week"
"namukku chess kalikkan ariyam","we can play chess"
"ninte ticket kattilil und","your ticket is on the bed"
"njangalude chettan delhiyil aanu","our elder brother is in delhi"
"chechikku oru aniyan illa","my elder sister doesn't have a younger brother"
"avante pustakam evide","where is his book"
"achan nale dosa undakkilla","dad won't make dosa tomorrow"
"nee raavile onnu manikku irangum","you will leave at one in the morning"
"ee bag anpathu roopa aanu","this bag is 50 rupees"
"njangal ucha kazhinju pannirandu manikku irangum","we will leave at twelve in the afternoon"
"ente ticket mejayil und","my ticket is on the table"
"chechi ellaa aazhchayum pustakam vaayikkumo","does my elder sister read books every week"
"kuttikku juice venda","the child doesn't want juice"
"chettanu oru chettan und","my elder brother has an elder brother"
"namukku ksheenam illa","we are not tired"
"achan innale dubaiyilekku poyi","dad went to dubai yesterday"
"ivide nalla kaattu und","there is a nice breeze here"
"avalude laptop mejayil und","her laptop is on the table"
"avar innale car il schoolilekku poyo","did they go to school by car yesterday"
"njangalkku vaayana ishtamalla","we don't like reading"
"teacher auto il beachilekku pokunnilla","the teacher is not going to the beach by auto"
"kuttikku nannayi ezhuthan ariyilla","the child can't write well"
"amma kazhinja aazhcha magazine vaayichu","mom read a magazine last week"
"ticket vaangenda","don't buy the ticket"
"ninakku vayaru vedana illa","you don't have a stomach ache"
"computer padikku","study computer science"
"enikku nadakkan ishtam aanu","i like walking"
"ninakku oru chechi und","you have an elder sister"
"onnu pathram vaayikku","please read the newspaper"
"enikku mazha ishtamalla","i don't like the rain"
"achan kazhinja aazhcha kavitha vaayichu","dad read a poem last week"
"amma chor undakkilla","mom won't make rice"
"avar innu rathri chor undakkilla","they won't make rice tonight"
"njan kadayil aanu","i am at the shop"
"teacher kazhinja maasam kadayil vannu","the teacher came to the shop last month"
"chettanu ippol tension undu","my elder brother is nervous right now"
"ninte abhiprayam sheriyanu","you are right"
"shirt vaangu","buy a shirt"
"chettan chappal vaangi","my elder brother bought slippers"
"nee malayalam samsarikkum pakshe avan samsarikkilla","you will speak malayalam but he won't"
"avarkku guitar vaayikkan ariyilla","they can't play the guitar"
"kutti innu yoga cheyyunnilla","the child is not doing yoga today"
"chechikku pani und","my elder sister has a fever"
"chettan hotelil illa","my elder brother is not at the hotel"
"ente chappal sofayil und","my slippers are on the sofa"
"onnum illa","nothing"
"achanu oru kada undo","does dad have a shop"
"kutti gulfil aan","the child is in the gulf"
"chettan pazham vaangilla","my elder brother won't buy bananas"
"ee pustakam pathu roopa aanu","this book is 10 rupees"
"kutti naale raavile flight il gulfilekku pokum","the child will go to the gulf by flight tomorrow morning"
"ninte chettan bangaloril aanu","your elder brother is in bangalore"
"kutti ippo ammaye vilikkunnilla","the child is not calling mom now"
"amma innu rathri car il bankilekku pokum ennitt kanakku cheyyum","mom will go to the bank by car tonight and do the maths problems"
"avan ippo science padikkunnilla","he is not studying science now"
"amma chilappol veettil pani cheyyumo","does mom do chores at home sometimes"
"ningal veettil aayirunno","were you at home"
"nee schoolil varilla","you won't come to school"
"avanu oru kuda venam","he wants an umbrella"
"achan innu raavile chor undakkiyilla","dad didn't make rice this morning"
"ninte aniyathi driver aanu","your younger sister is a driver"
"news kaananda","don't watch the news"
"kuttikku oru kada undu","the child has a shop"
"aval ippo science padikkunnilla","she is not studying science now"
"aval innale doctore vilichu pinne homework cheythu","she called the doctor yesterday and then did homework"
"avan bangaloril aanu","he is in bangalore"
"ee kuda irupathu roopa aanu","this umbrella is 20 rupees"
"ee shirt ethra roopa aanu","how much is this shirt"
"ee phone ethra roopa aanu","how much is this phone"
"aval adutha aazhcha ammaye vilikkum","she will call mom next week"
"kutti rathri paalu kudikkumo","does the child drink milk at night"
"avante achan beachil aanu","his dad is at the beach"
"teacher innu bus il marketilekku pokunnu","the teacher is going to the market by bus today"
"aval naale raavile chess kalikkilla","she won't play chess tomorrow morning"
"aval raavile sadhanam vaangan pokumo","does she go shopping in the morning"
"avalkku chor venamo","does she want rice"
"avarkku ippo deshyam und","they are angry right now"
"chettan nadannu marketilekku pokum","my elder brother will go to the market on foot"
"kuttikku oru bike undo","does the child have a bike"
"aval nale avide varumo","will she come there tomorrow"
"njangalude amma police aanu","our mom is a police officer"
"ningal bus stopil aayirunno","were you at the bus stop"
"ente appooppan evideya","where is my grandpa"
"njangal raathri moonu manikku urangum","we will sleep at three at night"
"chechi pachakkari vaangi","my elder sister bought vegetables"
"ee shoes anchaayiram roopa aanu","this pair of shoes is 5000 rupees"
"ninte aniyan kadayil aanu","your younger brother is at the shop"
"kutti airportil aayirunno","was the child at the airport"
"chettan innu raavile oru malayalam paattu paadiyilla","my elder brother didn't sing a malayalam song this morning"
"ee saree anpathu roopa aanu","this saree is 50 rupees"
"chettanu guitar vaayikkan ariyamo","can my elder brother play the guitar"
"chettanu guitar vaayikkan ariyam","my elder brother can play the guitar"
"onnu cricket kalikku","please play cricket"
"avar ippo oru pazhaya paattu paadunnundo","are they singing an old song now"
"kanakku cheyyu","do the maths problems"
"namukku hindi samsarikkam","let's speak hindi"
"chechi airportilekku poyi","my elder sister went to the airport"
"avalkku kazhuthu vedana illa","she doesn't have a neck pain"
"teacher innu raavile puthiya phone vaangi","the teacher bought a new phone this morning"
"ente amma engineer aanu","my mom is an engineer"
"avan novel vaayikkunnu","he is reading a novel"
"ente kuda veettil und","my umbrella is at home"
"chechikku santhosham aayirunnu","my elder sister was happy"
"namukku idli kazhikkam","let's eat idli"
"namukku saree vaangam","let's buy a saree"
"marunnu kazhichoo","did you take your medicine"
"chechi nale bike il bankilekku pokum ennitt video kaanum","my elder sister will go to the bank by bike tomorrow and watch a video"
"avar doctore vilikkilla","they won't call the doctor"
"ee shirt pathu roopa aanu","this shirt is 10 rupees"
"njan raavile malayalam samsarikkilla","i don't speak malayalam in the morning"
"avar ippo beachil aanu","they are at the beach now"
"kutti raathri naalu manikku irangum","the child will leave at four at night"
"njan naale officil varum","i will come to the office tomorrow"
"ente amma pavam aalu aanu","my mom is a kind-hearted person"
"cricket kalikku","play cricket"
"adutha aazhcha kaattu adikkumo","it will be windy next week"
"avarkku oru aniyathi illa","they don't have a younger sister"
"aval raavile sadhanam vaangan pokum","she goes shopping in the morning"
"avalude bag alamarayil und","her bag is in the cupboard"
"avalkku oru poocha illa","she doesn't have a cat"
"namukku pachakkari vaangam","let's buy vegetables"
"teacherinu thalavedana illaa","the teacher doesn't have a headache"
"njangal nale raavile marketilekku pokum","we will go to the market tomorrow morning"
"ammakku oru plan undo","does mom have a plan"
"amma ippo mail ezhuthunnundo","is mom writing an email now"
"nee malayalam samsarikkum","you will speak malayalam"
"teacher innu raavile chapathi kazhichilla","the teacher didn't eat chapathi this morning"
"nammal randu divasam munpu bike il kadayilekku poyilla","we didn't go to the shop by bike two days ago"
"avar ippo nadannu marketilekku pokunnundo","are they going to the market on foot now"
"achan nale flight il bangaloreilekku pokum","dad will go to bangalore by flight tomorrow"
"ente chechi thamasha parayunna aalu aanu","my elder sister is a funny person"
"ninakku whistle adikkan ariyilla","you can't whistle"
"chechi kazhinja aazhcha car il kottayathekku poyi","my elder sister went to kottayam by car last week"
"avar kazhinja aazhcha oru nunna paranju pinne chaya undakki","they told a lie last week and then made tea"
"ente aniyan thrissuril aan","my younger brother is in thrissur"
"avar innale raavile pathu manikku ezhunnettu","they woke up at ten in the morning yesterday"
"aval innu raavile karikku kudichu pinne kavitha ezhuthi","she drank tender coconut water this morning and then wrote a poem"
"ninakku pachakam cheyyan ariyamo","can you cook"
"kutti ambalathil aano","is the child at the temple"
"teacher kottayathu aanu","the teacher is in kottayam"
"chechi innu rathri car il kozhikkodekku pokilla","my elder sister won't go to kozhikode by car tonight"
"avanu madhuram ishtamano","does he like sweets"
"namukku pen vaangam","let's buy a pen"
"ente amma driver aanu","my mom is a driver"
"avalude ammayi karshakan aanu","her aunt is a farmer"
"kutti kazhinja maasam oru kadha paranju","the child told a story last month"
"enikku oru poocha und","i have a cat"
"ningal ellaa aazhchayum cricket kalikkumo","do you play cricket every week"
"njaan naale raavile vyayamam cheyyum athu kazhinju kadayilekku pokum","i will do exercise and then afterwards go to the shop tomorrow morning"
"njan adutha maasam car il hotelilekku pokum","i will go to the hotel by car next month"
"avar innu rathri bus il airportilekku pokum","they will go to the airport by bus tonight"
"aval innu rathri maths padikkum","she will study maths tonight"
"chettan ippo hospitalil aanu","my elder brother is at the hospital now"
"chechi vaikunneram veettil pani cheyyum","my elder sister does chores at home in the evening"
"avarkku ippo oru chaya venam","they want a cup of tea now"
"kidilam","superb"
"avarkku pallu vedana und","they have a toothache"
"avante ammayi teacher aanu","his aunt is a teacher"
"ee mundu kollaam","this mundu is nice"
"ninakku paattu ishtamalla","you don't like songs"
"teacherinu dosa venda","the teacher doesn't want dosa"
"teacher beachilekku poyi","the teacher went to the beach"
"njan adutha aazhcha bike il hotelilekku pokum athu kazhinju oru kadha kelkkum","i will go to the hotel by bike next week and then afterwards listen to a story"
"ninte amma engineer aanu","your mom is an engineer"
"innu nalla choodu aanu","it is very hot today"
"avan snehamulla aalu aanu","he is a loving person"
"avante chechi mumbaiyil aanu","his elder sister is in mumbai"
"ninte kannadi adukkalayil und","your glasses are in the kitchen"
"njan ellaa aazhchayum pathram vaayikkilla","i don't read the newspaper every week"
"ammakku malayalam samsarikkan ariyamo","can mom speak malayalam"
"ammakku ippo kurachu vellam venam","mom wants some water now"
"kutti adutha maasam oru malayalam paattu paadilla","the child won't sing a malayalam song next month"
"avanu pachakkari ishtamalla","he doesn't like vegetables"
"ee watch randaayiram roopa aan","this watch is 2000 rupees"
"kutti ippo theatreil illa","the child is not at the theatre now"
"avan vaikunneram bus il pokumo","does he go by bus in the evening"
"pen vaangu","buy a pen"
"kutti innale moonu manikku vannu","the child came at three yesterday"
"avante aniyan nurse aanu","his younger brother is a nurse"
"avar adutha maasam oru leave edukkum","they will take a leave next month"
"chechikku oru chettan illa","my elder sister doesn't have an elder brother"
"teacher paalu kudikkunnu","the teacher is drinking milk"
"chechikku oru pen venamo","does my elder sister want a pen"
"chettanu thondayil vedana illa","my elder brother doesn't have a sore throat"
"ammakku ksheenam illa","mom is not tired"
"njan shirt vaangunnu","i am buying a shirt"
"ente pen evide","where is my pen"
"aval kazhinja aazhcha achane vilicho","did she call dad last week"
"shaniyaazhcha namukku kaanam","let's meet on saturday"
"nee adutha aazhcha yoga cheyyum pinne bike il libraryilekku pokum","you will do yoga and then go to the library by bike next week"
"amma innu bus il ambalathilekku pokunnundo","is mom going to the temple by bus today"
"chechikku madhuram ishtam aanu","my elder sister likes sweets"
"avan pavam aalu aanu","he is a kind-hearted person"
"avalude amma schoolil aanu","her mom is at school"
"chechi ucha kazhinju ezhu manikku pokum","my elder sister will go at seven in the afternoon"
"avante kuppi kattilil und","his bottle is on the bed"
"chettan innu chakka kazhikkunnundo","is my elder brother eating jackfruit today"
"kutti kazhinja aazhcha kadayil aayirunnu","the child was at the shop last week"
"avar innu raavile airportil aayirunnu","they were at the airport this morning"
"avan ethra manikku ethi","what time did he reach"
"teacherinu jalado undo","does the teacher have a cold"
"njaan ippo mail ezhuthunnu","i am writing an email now"
"avan nale raavile pazham vaangumo","will he buy bananas tomorrow morning"
"avarkku malayalam samsarikkan ariyilla","they can't speak malayalam"
"avar innu chechiye vilikkunnundo","are they calling my elder sister today"
"njangal innale mutta kazhichilla","we didn't eat an egg yesterday"
"ammakku kali ishtamalla","mom doesn't like playing games"
"aval serial kaanum","she will watch a serial"
"avan avadhi divasangalil tv kaanilla","he doesn't watch tv on holidays"
"namukku oru thamasha parayam","let's tell a joke"
"avar innu raavile english samsarichu pinne badminton kalichu","they spoke english this morning and then played badminton"
"njan innale ninne vilichirunnu","i called you yesterday"
"amma kazhinja maasam theatreilekku poyilla","mom didn't go to the theatre last month"
"achan ippo karikku kudikkunnu","dad is drinking tender coconut water now"
"achan kazhinja maasam gulfilekku poyilla","dad didn't go to the gulf last month"
"njan innu raavile car il bangaloreilekku poyi","i went to bangalore by car this morning"
"nammal message vaayikkilla","we won't read the message"
"chechi adutha maasam vellam kudikkum","my elder sister will drink water next month"
"ninte kuda evide","where is your umbrella"
"avante achan kadakkaran aanu","his dad is a shopkeeper"
"teacherinu cycle chavittan ariyaam","the teacher can ride a bicycle"
"avar mail ezhuthum pakshe aval ezhuthilla","they will write an email but she won't"
"avarude ammayi veettil aanu","their aunt is at home"
"onnu ticket vaangu","please buy the ticket"
"avanu paalu venda","he doesn't want milk"
"carroms kalikku","play carrom"
"ningal oru nunna parayunnundo","are you telling a lie"
"enikku juice venda","i don't want juice"
"nee groundil aano","are you at the ground"
"ningalkku chor venamo","do you want rice"
"kutti ippo marketil aanu","the child is at the market now"
"namukku cinema kaanam","let's watch a movie"
"aval innu homework cheyyunnilla","she is not doing homework today"
"namukku homework cheyyam","let's do homework"
"achanu nadakkan ishtamalla","dad doesn't like walking"
"achan ennum pustakam vaayikkum","dad reads books every day"
"teacherinu chaya venda","the teacher doesn't want tea"
"chettan nale raavile nadannu beachilekku pokum athu kazhinju puthiya vandi vaangum","my elder brother will go to the beach on foot tomorrow morning and then afterwards buy a new vehicle"
"avante chechi police aanu","his elder sister is a police officer"
"avarkku urakkam varunnu","they are sleepy"
"nee adutha maasam carroms kalikkumo","will you play carrom next month"
"ammakku oru laptop venda","mom doesn't want a laptop"
"ninakku samayam illa","you don't have time"
"onnu manga kazhikku","please eat a mango"
"amma libraryil aanu","mom is at the library"
"avante chappal bagil und","his slippers are in the bag"
"teacher kazhinja aazhcha news kandilla","the teacher didn't watch the news last week"
"nale veyil undaakumo","it will be sunny tomorrow"
"kuttikku pallu vedana illa","the child doesn't have a toothache"
"ee saree pathu roopa aanu","this saree is 10 rupees"
"ninakku kai vedana undo","do you have a pain in the hand"
"amma raavile bus il pokumo","does mom go by bus in the morning"
"njangalude achan kadakkaran aanu","our dad is a shopkeeper"
"aval oru break edukkum pakshe avan edukkilla","she will take a break but he won't"
"adutha aazhcha thanuppu undaakum","it will be cool next week"
"chettanu vishakkunnundo","is my elder brother hungry"
"chettan innu dubaiyilekku pokunnu","my elder brother is going to dubai today"
"ente pustakam alamarayil undu","my book is in the cupboard"
"enikk dance cheyyan ariyilla","i can't dance"
"avanu english samsarikkan ariyamo","can he speak english"
"ammakku oru car illa","mom doesn't have a car"
"teacher rathri sadhanam vaangan pokum","the teacher goes shopping at night"
"nee innu raavile collegil vannu","you came to college this morning"
"avante pustakam mejayil undu","his book is on the table"
"nammal innu radio kelkkunnilla","we are not listening to the radio today"
"football kalikku","play football"
"avar beachil aano","are they at the beach"
"achan doctore vilichilla","dad didn't call the doctor"
"njangalkku dosa venam","we want dosa"
"namukku cricket kalikkam","let's play cricket"
"ee pustakam kollaam","this book is nice"
"avalkku thondayil vedana illa","she doesn't have a sore throat"
"chumma","just kidding"
"avante kuppi officil und","his bottle is at the office"
"ammakku chess kalikkan ariyilla","mom can't play chess"
"avalkku dance cheyyan ariyilla","she can't dance"
"nee innu raavile achane vilichu pinne saree vaangi","you called dad this morning and then bought a saree"
"avalkku oru phone und","she has a phone"
"avalkku thanuppu ishtam aanu","she likes cold weather"
"chettanu thondayil vedana und","my elder brother has a sore throat"
"ente ticket evide","where is my ticket"
"amma ucha kazhinju ettu manikku urangum","mom will sleep at eight in the afternoon"
"kutti ippol bike il hospitalilekku pokunnu","the child is going to the hospital by bike now"
"avar thiruvananthapurathu aan","they are in trivandrum"
"avan schoolil aano","is he at school"
"teacher kazhinja aazhcha veettil vannoo","did the teacher come home last week"
"achanu paalu venamo","does dad want milk"
"achan nale raavile nadannu beachilekku pokum pinne chaya undakkum","dad will go to the beach on foot tomorrow morning and then make tea"
"njangal innu rathri report vaayikkum","we will read the report tonight"
"avalude ammavan thiruvananthapurathu aanu","her uncle is in trivandrum"
"aval naale raavile music kelkkilla","she won't listen to music tomorrow morning"
"njangal innale vaikunneram aaru manikku poyi","we went at six in the evening yesterday"
"avan ellaa aazhchayum kulikkilla","he doesn't take a bath every week"
"amma libraryil aayirunno","was mom at the library"
"kuttikku paadan ariyilla","the child can't sing"
"achanu oru plan undu","dad has a plan"
"enikk kurachu samayam venda","i don't want some time"
"ninte laptop officil und","your laptop is at the office"
"ente chechi pachakkaran aan","my elder sister is a cook"
"ente key alamarayil und","my key is in the cupboard"
"aval chilappol kadha ezhuthumo","does she write stories sometimes"
"amma airportil illa","mom is not at the airport"
"chettan ennum paalu kudikkumo","does my elder brother drink milk every day"
"ee shoes kollaam","this pair of shoes is nice"
"avar kazhinja maasam puthiya vandi vaangi","they bought a new vehicle last month"
"nee avadhi divasangalil pachakam cheyyumo","do you cook on holidays"
"teacher palakkadu aanu","the teacher is in palakkad"
"namukku tv kaanam","let's watch tv"
"avalude appooppan kadakkaran aanu","her grandpa is a shopkeeper"
"achanu kazhuthu vedana und","dad has a neck pain"
"avarkku hindi samsarikkan ariyamo","can they speak hindi"
"amma ippo car il ambalathilekku pokunnu","mom is going to the temple by car now"
"ninakku tamil samsarikkan ariyam","you can speak tamil"
"avan ethra manikku urangum","what time will he sleep"
"achan puttu kazhikkum","dad will eat puttu"
"avan ippo history padikkunnu","he is studying history now"
"avan gulfilekku pokunnu","he is going to the gulf"
"chettan innale vaikunneram onpathu manikku urangi","my elder brother slept at nine in the evening yesterday"
"mutta kazhikkanda","don't eat an egg"
"achan kazhinja aazhcha bankil aayirunnu","dad was at the bank last week"
"avarkku biriyani ishtamalla","they don't like biryani"
"ente ammavan valare nalla aalu aanu","my uncle is a very good person"
"enikku sankadam illa","i am not sad"
"njan innu raavile biriyani undakki pinne english samsarichu","i made biryani this morning and then spoke english"
"amma innu rathri car il beachilekku pokum athu kazhinju bag edukkum","mom will go to the beach by car tonight and then afterwards take the bag"
"avanu pachakam ishtam aanu","he likes cooking"
"chor undakkenda","don't make rice"
"onnu pariksha ezhuthu","please write the exam"
"ningalkku mazha ishtamano","do you like the rain"
"kathu vaayikku","read a letter"
"aval innu rathri nadannu bankilekku pokum pinne oru hindi paattu paadum","she will go to the bank on foot tonight and then sing a hindi song"
"avalkku oru laptop und","she has a laptop"
"avar ippo car il groundilekku pokunnu","they are going to the ground by car now"
"kuttikku thondayil vedana undu","the child has a sore throat"
"avarude chechi pachakkaran aanu","their elder sister is a cook"
"avanu bike odikkan ariyilla","he can't ride a bike"
"avalkku paadan ariyam","she can sing"
"ee shirt anchaayiram roopa aan","this shirt is 5000 rupees"
"teacher theatreil aano","is the teacher at the theatre"
"njan nale kavitha vaayikkilla","i won't read a poem tomorrow"
"ninakku ippol oru help venam","you want some help now"
"teacher rathri bus il pokilla","the teacher doesn't go by bus at night"
"namukku jalado illaa","we don't have a cold"
"ee laptop anjnooru roopa aanu","this laptop is 500 rupees"
"achan innale raathri pathinonnu manikku ethi","dad reached at eleven at night yesterday"
"teacher innu payasam kazhikkunnilla","the teacher is not eating payasam today"
"aval ippo cricket match kaanunnundo","is she watching the cricket match now"
"kuttikku ippo dosa venam","the child wants dosa now"
"onnu chechiye vilikku","please call my elder sister"
"njangalkku oru aniyathi und","we have a younger sister"
"kutti innale ammaye vilicho","did the child call mom yesterday"
"chechi avadhi divasangalil kadha ezhuthumo","does my elder sister write stories on holidays"
"nee evideya","where are you"
"avarkku ksheenam illa","they are not tired"
"njayaraazhcha namukku kaanam","let's meet on sunday"
"onnu assignment cheyyu","please do the assignment"
"ee shoes pathu roopa aanu","this pair of shoes is 10 rupees"
"teacher chilappol tv kaanumo","does the teacher watch tv sometimes"
"nee innu rathri officil varum","you will come to the office tonight"
"avalude aniyan kollathu aan","her younger brother is in kollam"
"amma innu nadannu officilekku pokunnu","mom is going to the office on foot today"
"avan innu raavile collegil vannoo","did he come to college this morning"
"amma ezhu manikku ezhunnerkkum","mom will wake up at seven"
"avan randu divasam munpu gulfilekku poyi","he went to the gulf two days ago"
"kutti innale raathri ettu manikku poyi","the child went at eight at night yesterday"
"njan adutha aazhcha bus il libraryilekku pokum","i will go to the library by bus next week"
"avarude aniyathi police aanu","their younger sister is a police officer"
"avan chilappol malayalam samsarikkum","he speaks malayalam sometimes"
"kunju urangi","the baby is asleep"
"ninakku pachakam ishtamano","do you like cooking"
"nammal innu raavile groundil aayirunnu","we were at the ground this morning"
"chettanu vayaru vedana illa","my elder brother doesn't have a stomach ache"
"enikk oru kuda tharamo","can you give me an umbrella"
"avarkku nannayi ezhuthan ariyamo","can they write well"
"namukku dance cheyyan ariyilla","we can't dance"
"chechikku biriyani venam","my elder sister wants biryani"
"chechi chilappol chaya kudikkumo","does my elder sister drink tea sometimes"
"doctore vilikku","call the doctor"
"teacher ippo beachil aanu","the teacher is at the beach now"
"aval randu divasam munpu avide vannu","she came there two days ago"
"amma innale ezhu manikku urangi","mom slept at seven yesterday"
"namukku oru phone und","we have a phone"
"nammal ivide varilla","we won't come here"
"namukku kanakku cheyyam","let's do the maths problems"
"aval randu divasam munpu nattil vannoo","did she come to my hometown two days ago"
"ammakku paattu ishtamano","does mom like songs"
"chettan chilappol yoga cheyyumo","does my elder brother do yoga sometimes"
"avar innale phone eduthu pinne biriyani undakki","they took the phone yesterday and then made biryani"
"ningal kazhinja maasam officilekku poyo","did you go to the office last month"
"teacherinu oru phone illaa","the teacher doesn't have a phone"
"achan naale biriyani undakkum pinne ambalathilekku pokum","dad will make biryani and then go to the temple tomorrow"
"nee innale manga kazhichilla","you didn't eat a mango yesterday"
"achan ippo meen curry undakkunnundo","is dad making fish curry now"
"njaan raathri pannirandu manikku varum","i will come at twelve at night"
"avalude aniyathi bangaloril aan","her younger sister is in bangalore"
"aval oru paattu paadum pakshe nee paadilla","she will sing a song but you won't"
"ente thettu aanu","it is my mistake"
"achanu english samsarikkan ariyilla","dad can't speak english"
"teacher dosa kazhikkilla","the teacher won't eat dosa"
"aval ippo oru hindi paattu paadunnundo","is she singing a hindi song now"
"namukku chakka kazhikkam","let's eat jackfruit"
"teacherinu biriyani ishtamalla","the teacher doesn't like biryani"
"avan innu raavile kanakku cheythu pinne doctore vilichu","he did the maths problems this morning and then called the doctor"
"achanu paadan ariyam","dad can sing"
"teacherinu lajja illa","the teacher is not embarrassed"
"teacher kazhinja aazhcha ticket vaangi","the teacher bought the ticket last week"
"ee watch vila kooduthal aanu","this watch is too expensive"
"achan innale raavile pathinonnu manikku irangi","dad left at eleven in the morning yesterday"
"enikku kann vedana illa","i don't have an eye pain"
"aval auto il collegilekku pokunnu","she is going to college by auto"
"avanu jalado undo","does he have a cold"
"onnu cricket match kaanu","please watch the cricket match"
"aval chaya kudikkum pakshe avar kudikkilla","she will drink tea but they won't"
"avan adutha aazhcha bus il ambalathilekku pokum ennitt paalu kudikkum","he will go to the temple by bus next week and drink milk"
"nee innale raathri onnu manikku ethi","you reached at one at night yesterday"
"avarkku oru chettan illaa","they don't have an elder brother"
"kuttikku ippo ksheenam und","the child is tired right now"
"chettan pathinonnu manikku ezhunnerkkum","my elder brother will wake up at eleven"
"avar nale raavile auto il collegilekku pokum","they will go to college by auto tomorrow morning"
"avalkku ippo ice cream venam","she wants ice cream now"
"chettan innu rathri dosa kazhikkumo","will my elder brother eat dosa tonight"
"nammal kozhikkodu aanu","we are in kozhikode"
"achan innale officil aayirunnu","dad was at the office yesterday"
"avanu payasam venamo","does he want payasam"
"aval rathri sadhanam vaangan pokilla","she doesn't go shopping at night"
"enikku randu kilo aappil venam","i need two kilos of apples"
"ithu ente aanu","this is mine"
"njangalude appooppan doctor aanu","our grandpa is a doctor"
"kutti innu raavile stationil aayirunnu","the child was at the station this morning"
"nee nale bike il schoolilekku pokum pinne badminton kalikkum","you will go to school by bike tomorrow and then play badminton"
"ee kuda nooru roopa aanu","this umbrella is 100 rupees"
"chechi ippol malayalam samsarikkunnundo","is my elder sister speaking malayalam now"
"teacher innu auto il theatreilekku pokunnundo","is the teacher going to the theatre by auto today"
"ee watch anjnooru roopa aan","this watch is 500 rupees"
"namukku english samsarikkan ariyilla","we can't speak english"
"njan kuttikalathu ivide aayirunnu","i was here in my childhood"
"njangalude achan evide","where is our dad"
"onnu ticket edukku","please take the ticket"
"namukku whistle adikkan ariyam","we can whistle"
"achan history padicho","did dad study history"
"amma raavile yoga cheyyilla","mom doesn't do yoga in the morning"
"nammal innale magazine vaayichu","we read a magazine yesterday"
"chechikku kurachu samayam venda","my elder sister doesn't want some time"
"avanu pallu vedana undo","does he have a toothache"
"ammakku beach ishtam aanu","mom likes the beach"
"achan avadhi divasangalil bus il pokum","dad goes by bus on holidays"
"amma adutha maasam chor undakkumo","will mom make rice next month"
"njangal onnu manikku irangum","we will leave at one"
"aval avadhi divasangalil kulikkum","she takes a bath on holidays"
"lab record kondu vannoo","did you bring the lab record"
"njangal raavile paalu kudikkilla","we don't drink milk in the morning"
"enikku oru chechi illa","i don't have an elder sister"
"ninakku vishakkunnu","you are hungry"
"avalude kuppi evide","where is her bottle"
"aval kazhinja maasam english samsaricho","did she speak english last month"
"ee bag enikku ishtamayi","i liked this bag"
"avar randu divasam munpu chaya undakki","they made tea two days ago"
"avanu vishakkunnu","he is hungry"
"aval adutha aazhcha auto il theatreilekku pokilla","she won't go to the theatre by auto next week"
"ee pen pathu roopa aanu","this pen is 10 rupees"
"amma ethra manikku vannu","what time did mom come"
"nee vellam kudikkum pakshe njan kudikkilla","you will drink water but i won't"
"oru litre vellam tharu","give me one litre of water"
"avalkku appam venda","she doesn't want appam"
"nee innu cricket kalikkunnilla","you are not playing cricket today"
"kuttikku vishakkunnilla","the child is not hungry"
"achanu vayaru vedana illa","dad doesn't have a stomach ache"
"innu veyil undo","is it sunny today"
"avante appooppan teacher aanu","his grandpa is a teacher"
"avan innu rathri chettane vilikkum pinne auto il schoolilekku pokum","he will call my elder brother and then go to school by auto tonight"
"ninakku ippo oru puthiya phone venam","you want a new phone now"
"njan english padikkum pakshe avar padikkilla","i will study english but they won't"
"teacher randu divasam munpu dubaiyilekku poyo","did the teacher go to dubai two days ago"
"chettan innu rathri karikku kudikkum athu kazhinju car il marketilekku pokum","my elder brother will drink tender coconut water and then afterwards go to the market by car tonight"
"ninakku oru bike illaa","you don't have a bike"
"teacher vaikunneram paattu kelkkilla","the teacher doesn't listen to songs in the evening"
"kutti collegilekku poyi","the child went to college"
"amma naale mutta kazhikkum","mom will eat an egg tomorrow"
"chechi innale novel vaayichu","my elder sister read a novel yesterday"
"aval innale malayalam samsaricho","did she speak malayalam yesterday"
"ente kannadi alamarayil und","my glasses are in the cupboard"
"onnu photo edukku","please take a photo"
"chettanu hindi samsarikkan ariyamo","can my elder brother speak hindi"
"onnu bag vaangu","please buy a bag"
"chettan ucha kazhinju naalu manikku ethum","my elder brother will reach at four in the afternoon"
"achan raavile pustakam vaayikkumo","does dad read books in the morning"
"kuttikku nannayi ezhuthan ariyam","the child can write well"
"chechikku chess kalikkan ariyamo","can my elder sister play chess"
"njan varilla","i won't come"
"achan innu rathri sathyam parayum pinne bike il officilekku pokum","dad will tell the truth and then go to the office by bike tonight"
"njangalude appooppan kadakkaran aan","our grandpa is a shopkeeper"
"avan kazhinja maasam key eduthu","he took the key last month"
"nammal randu divasam munpu oru kadha paranjilla","we didn't tell a story two days ago"
"teacher adutha maasam train il kannurilekku pokumo","will the teacher go to kannur by train next month"
"namukku kali ishtamalla","we don't like playing games"
"achan kazhinja aazhcha chemistry padichu","dad studied chemistry last week"
"teacher innale vaikunneram aaru manikku urangi","the teacher slept at six in the evening yesterday"
"avar ippol assignment cheyyunnu","they are doing the assignment now"
"chechi chilappol malayalam samsarikkum","my elder sister speaks malayalam sometimes"
"njangalude chechi officil aanu","our elder sister is at the office"
"ninakku vishakkunnundo","are you hungry"
"achan innu raavile maths padicho","did dad study maths this morning"
"amma innale ucha kazhinju pannirandu manikku urangi","mom slept at twelve in the afternoon yesterday"
"ee kuppi anchaayiram roopa aanu","this bottle is 5000 rupees"
"vyayamam cheyyu","do exercise"
"njangalude ammavan evide","where is our uncle"
"avar innu cricket kalikkunnilla","they are not playing cricket today"
"onnu report vaayikku","please read the report"
"namukku meen curry undakkam","let's make fish curry"
"chemistry padikkenda","don't study chemistry"
"ente kuda evide","where is my umbrella"
"nee kazhinja maasam bag vaangiyilla","you didn't buy a bag last month"
"avan kochiyil aanu","he is in kochi"
"chechi innu saree vaangunnu","my elder sister is buying a saree today"
"njangalude chettan police aanu","our elder brother is a police officer"
"enikk anchu kilo ari venam","i need five kilos of rice"
"nee ippo payasam kazhikkunnu","you are eating payasam now"
"amma rathri cricket kalikkumo","does mom play cricket at night"
"ente pen bagil und","my pen is in the bag"
"kuttikku meen curry ishtamano","does the child like fish curry"
"nammal adutha aazhcha message vaayikkum","we will read the message next week"
"teacher innu raavile english padichilla","the teacher didn't study english this morning"
"kutti ucha kazhinju onpathu manikku urangum","the child will sleep at nine in the afternoon"
"avan adutha maasam chaya undakkumo","will he make tea next month"
"avar ippo payasam kazhikkunnundo","are they eating payasam now"
"meen kazhikku","eat fish"
"avan oru kadha paranjilla","he didn't tell a story"
"nale thanuppu undaakumo","it will be cool tomorrow"
"teacher innu project cheyyunnu","the teacher is doing the project today"
"aval car il veettilekku pokunnundo","is she going home by car"
"enikku cricket ishtamalla","i don't like cricket"
"ammakku jalado undo","does mom have a cold"
"njan innu raavile nattil vannu","i came to my hometown this morning"
"amma innu video kaanunnu","mom is watching a video today"
"vyaazhaazhcha avadhi aanu","thursday is a holiday"
"nee veettil aayirunno","were you at home"
"kazhinja aazhcha thanuppu undaayirunnu","it was cool last week"
"amma innu rathri message vaayikkilla","mom won't read the message tonight"
"onnu puttu kazhikku","please eat puttu"
"kutti kannuril aanu","the child is in kannur"
"kuttikku biriyani ishtamano","does the child like biryani"
"chettan raavile pathu manikku varum","my elder brother will come at ten in the morning"
"ente ammavan evide","where is my uncle"
"achan chennaiyil aanu","dad is in chennai"
"enikk randu kilo uppu venam","i need two kilos of salt"
"chettan vaikunneram sadhanam vaangan pokilla","my elder brother doesn't go shopping in the evening"
"aval bus il beachilekku poyo","did she go to the beach by bus"
"ninte ammayi gulfil aanu","your aunt is in the gulf"
"chechikku kurachu samayam venamo","does my elder sister want some time"
"namukku nale pokam","we can go tomorrow"
"onnu key edukku","please take the key"
"chechi naale raavile marketilekku pokum pinne message vaayikkum","my elder sister will go to the market tomorrow morning and then read the message"
"avarude ammayi nattil aanu","their aunt is in my hometown"
"njan innu kavitha vaayikkunnilla","i am not reading a poem today"
"njan aazhchayil onnu paattu kelkkum","i listen to songs once a week"
"ivide nirthu","stop here"
"avante ticket officil und","his ticket is at the office"
"chechi ippo soda kudikkunnilla","my elder sister is not drinking soda now"
"teacher innale raavile pannirandu manikku ethi","the teacher reached at twelve in the morning yesterday"
"achan vaikunneram aaru manikku irangum","dad will leave at six in the evening"
"achanu kaal vedana und","dad has a leg pain"
"chechikku sankadam aayirunnu","my elder sister was sad"
"njaan randu divasam munpu bag eduthu","i took the bag two days ago"
"entha mone","what's up dude"
"avarude ticket evide","where is their ticket"
"kutti nattil aanu","the child is in my hometown"
"chettanu lajja aayirunnu","my elder brother was embarrassed"
"vitt kalayu","let it go"
"njangal adutha aazhcha oru break edukkilla","we won't take a break next week"
"kutti raavile naalu manikku ezhunnerkkum","the child will wake up at four in the morning"
"njangalkku boradi aayirunnu","we were bored"
"chettan innu ticket edukkunnilla","my elder brother is not taking the ticket today"
"ninte ammachi gulfil aanu","your grandma is in the gulf"
"chettanu ksheenam illa","my elder brother is not tired"
"aval idli kazhikkum pakshe avar kazhikkilla","she will eat idli but they won't"
"ee thorthu enikk ishtamayi","i liked this towel"
"chettan raavile pachakam cheyyilla","my elder brother doesn't cook in the morning"
"ninte pustakam sofayil und","your book is on the sofa"
"avan chilappol tv kaanumo","does he watch tv sometimes"
"avan naale raavile oru paattu paadumo","will he sing a song tomorrow morning"
"njangal nale paattu kelkkum athu kazhinju nadannu collegilekku pokum","we will listen to songs and then afterwards go to college on foot tomorrow"
"paattu kelkku","listen to songs"
"chettanu oru help venamo","does my elder brother want some help"
"aval innu bike il libraryilekku pokunnu","she is going to the library by bike today"
"njangalkku dance cheyyan ariyaam","we can dance"
"njan adutha aazhcha collegil varilla","i won't come to college next week"
"avalude aniyathi evide","where is her younger sister"
"aval adutha aazhcha car il hospitalilekku pokum ennitt oru nunna parayum","she will go to the hospital by car next week and tell a lie"
"mathi","enough"
"ente koottukaran kashtappettu pani cheyyunna aalu aanu","my friend is a hard-working person"
"nammal kazhinja maasam dosa kazhichilla","we didn't eat dosa last month"
"achan hotelil aayirunno","was dad at the hotel"
"ee thorthu ethra roopa aanu","how much is this towel"
"avalude laptop adukkalayil und","her laptop is in the kitchen"
"avarkku paadan ariyilla","they can't sing"
"ninte watch muriyil und","your watch is in the room"
"avalude appooppan evide","where is her grandpa"
"ee shoes irupathu roopa aanu","this pair of shoes is 20 rupees"
"nee kavitha ezhuthunnilla","you are not writing a poem"
"avan nale nattil varumo","will he come to my hometown tomorrow"
"avar ippo chaya undakkunnu","they are making tea now"
"njan ippo veettil aanu","i am at home now"
"achan bike il officilekku poyo","did dad go to the office by bike"
"avanu oru idea und","he has an idea"
"avalude ammayi kadakkaran aan","her aunt is a shopkeeper"
"avalkku kappi venda","she doesn't want coffee"
"namukku cinema ishtamalla","we don't like movies"
"njangal innu raavile paalu kudichu pinne rahasyam paranju","we drank milk this morning and then told the secret"
"chettan nale raavile auto il officilekku pokum ennitt science padikkum","my elder brother will go to the office by auto tomorrow morning and study science"
"enikku pallu vedana und","i have a toothache"
"ente kuppi sofayil und","my bottle is on the sofa"
"namaskaram","hello"
"namukku juice venam","we want juice"
"avar innale bus il kozhikkodekku poyi","they went to kozhikode by bus yesterday"
"njangalude achan bus stopil aanu","our dad is at the bus stop"
"njangalkku oru kuda venam","we want an umbrella"
"chettanu ippo paalu venam","my elder brother wants milk now"
"avar adutha aazhcha car il bankilekku pokum pinne assignment cheyyum","they will go to the bank by car next week and then do the assignment"
"achanu paalu venda","dad doesn't want milk"
"achan kazhinja maasam car il bus stopilekku poyi","dad went to the bus stop by car last month"
"chechikku vellam venam","my elder sister wants water"
"avan oru paattu paadilla","he won't sing a song"
"ninakku oru cycle undo","do you have a bicycle"
"ninakku ippo sugam aayo","are you better now"
"avante kuppi sofayil und","his bottle is on the sofa"
"teacherinu nannayi ezhuthan ariyamo","can the teacher write well"
"poyittu varam","i will go and come back"
"avalkku vayaru vedana illaa","she doesn't have a stomach ache"
"avarkku neenthan ariyamo","can they swim"
"avarude aniyan pachakkaran aanu","their younger brother is a cook"
"nee avadhi divasangalil vegam ezhunnerkkumo","do you wake up early on holidays"
"ningalkku oru laptop venamo","do you want a laptop"
"ente kuda kattilil und","my umbrella is on the bed"
"achan innu rathri chettane vilikkum","dad will call my elder brother tonight"
"njan ennum urangum","i sleep every day"
"avarkku yathra ishtamalla","they don't like travelling"
"njaan ippol car il kozhikkodekku pokunnilla","i am not going to kozhikode by car now"
"ammakku kann vedana und","mom has an eye pain"
"ente bag kattilil und","my bag is on the bed"
"njangalkku kai vedana undu","we have a pain in the hand"
"chechikku pallu vedana und","my elder sister has a toothache"
"chechi ippo achane vilikkunnundo","is my elder sister calling dad now"
"avalude chettan beachil aanu","her elder brother is at the beach"
"achan vaikunneram pachakam cheyyilla","dad doesn't cook in the evening"
"njangalude chettan kadakkaran aanu","our elder brother is a shopkeeper"
"ninte charger mejayil undu","your charger is on the table"
"ninakku vayaru vedana und","you have a stomach ache"
"ningal kuda vaangiyo","did you buy an umbrella"
"chettan ellaa aazhchayum yoga cheyyumo","does my elder brother do yoga every week"
"chettanu ippo oru puthiya phone venam","my elder brother wants a new phone now"
"chettan innale raathri pathinonnu manikku poyi","my elder brother went at eleven at night yesterday"
"chechikku oru car und","my elder sister has a car"
"teacher chilappol yoga cheyyilla","the teacher doesn't do yoga sometimes"
"vyaazhaazhcha class illa","there is no class on thursday"
"ninakku thanuppu ishtamano","do you like cold weather"
"ente boss kashtappettu pani cheyyunna aalu aanu","my boss is a hard-working person"
"achan innu rathri saree vaangilla","dad won't buy a saree tonight"
"avar onnu manikku urangum","they will sleep at one"
"teacherinu ippo oru chaya venam","the teacher wants a cup of tea now"
"kutti innu video kaanunnu","the child is watching a video today"
"avarude achan teacher aanu","their dad is a teacher"
"avalkku oru car illaa","she doesn't have a car"
"njan kazhinja aazhcha oru malayalam paattu paadi pinne pathram vaayichu","i sang a malayalam song last week and then read the newspaper"
"achan puthiya vandi vaangum","dad will buy a new vehicle"
"chechikku tamil samsarikkan ariyilla","my elder sister can't speak tamil"
"namukku madhuram ishtamalla","we don't like sweets"
"avalkku oru problem illa","she doesn't have a problem"
"nee ippo video kaanunnu","you are watching a video now"
"ninakku computer upayogikkan ariyilla","you can't use a computer"
"chettan innu auto il airportilekku pokunnundo","is my elder brother going to the airport by auto today"
"nee ennum urangumo","do you sleep every day"
"innale thanuppu undaayirunnu","it was cool yesterday"
"avarude ammavan nurse aanu","their uncle is a nurse"
"ammakku pallu vedana illaa","mom doesn't have a toothache"
"njan innale vaikunneram onnu manikku irangi","i left at one in the evening yesterday"
"avan nale beachilekku pokilla","he won't go to the beach tomorrow"
"avar adutha maasam collegil varilla","they won't come to college next month"
"avanu oru car illa","he doesn't have a car"
"teacher kazhinja aazhcha officil aayirunnu","the teacher was at the office last week"
"namukku daahikkunnilla","we are not thirsty"
"avalkku daahikkunnilla","she is not thirsty"
"nee innu rathri car il libraryilekku pokum","you will go to the library by car tonight"
"amma ippo chapathi kazhikkunnundo","is mom eating chapathi now"
"njangalude aniyan driver aanu","our younger brother is a driver"
"nee innu bus il mumbaiyilekku pokunnilla","you are not going to mumbai by bus today"
"achanu juice venda","dad doesn't want juice"
"teacher innu raavile juice kudichu","the teacher drank juice this morning"
"avarkku pani und","they have a fever"
"ninakku aashwasam illa","you are not relieved"
"avar hotelil aayirunno","were they at the hotel"
"novel vaayikku","read a novel"
"football kaanan pokam","let's go watch football"
"chechi nale auto il bankilekku pokum","my elder sister will go to the bank by auto tomorrow"
"nammal innale randu manikku vannu","we came at two yesterday"
"avan chilappol kulikkum","he takes a bath sometimes"
"chechi kazhinja maasam veettil vannu","my elder sister came home last month"
"aval assignment cheyyum pakshe avan cheyyilla","she will do the assignment but he won't"
"chettan rathri chaya kudikkum","my elder brother drinks tea at night"
"amma pustakam vaayikkilla","mom won't read a book"
"ente kuppi bagil undu","my bottle is in the bag"
"kutti ippo nadannu bus stopilekku pokunnu","the child is going to the bus stop on foot now"
"chechi adutha aazhcha ticket edukkumo","will my elder sister take the ticket next week"
"ninte pustakam officil und","your book is at the office"
"onnu kavitha vaayikku","please read a poem"
"chettan ippo dosa undakkunnundo","is my elder brother making dosa now"
"nammal english samsarikkunnilla","we are not speaking english"
"nee innu raavile kathu ezhuthiyo","did you write a letter this morning"
"avar innale meen kazhichu pinne oru malayalam paattu paadi","they ate fish yesterday and then sang a malayalam song"
"nale kaattu adikkumo","it will be windy tomorrow"
"avar innu bus il palakkadekku pokunnilla","they are not going to palakkad by bus today"
"teacherinu cycle chavittan ariyilla","the teacher can't ride a bicycle"
"avar hospitalil aano","are they at the hospital"
"nammal innu nadannu airportilekku pokunnilla","we are not going to the airport on foot today"
"kuttikku ippol kappi venam","the child wants coffee now"
"ninakku oru kada illa","you don't have a shop"
"kuttikku pachakam cheyyan ariyilla","the child can't cook"
"chettan kazhinja aazhcha bus il groundilekku poyi","my elder brother went to the ground by bus last week"
"njangal innu assignment ezhuthunnilla","we are not writing the assignment today"
"nee nale report vaayikkum","you will read the report tomorrow"
"ee chappal enikk ishtamayi","i liked this pair of slippers"
"boss ennodu deshyappettu","the boss got angry with me"
"avalkku appam venam","she wants appam"
"avalkku paadan ariyilla","she can't sing"
"amma naale car il bus stopilekku pokum ennitt doctore vilikkum","mom will go to the bus stop by car tomorrow and call the doctor"
"aval raavile malayalam samsarikkilla","she doesn't speak malayalam in the morning"
"achan kazhinja maasam car il officilekku poyi","dad went to the office by car last month"
"aval snehamulla aalu aanu","she is a loving person"
"ninte aniyathi police aanu","your younger sister is a police officer"
"chechi car il alappuzhayilekku poyilla","my elder sister didn't go to alappuzha by car"
"chettan bike il schoolilekku pokunnu","my elder brother is going to school by bike"
"avan innale ucha kazhinju onnu manikku poyi","he went at one in the afternoon yesterday"
"njan avadhi divasangalil malayalam samsarikkum","i speak malayalam on holidays"
"chettan alappuzhayil aanu","my elder brother is in alappuzha"
"chechi kazhinja maasam kathu ezhuthi","my elder sister wrote a letter last month"
"chettan ippo juice kudikkunnilla","my elder brother is not drinking juice now"
"achanu oru chechi und","dad has an elder sister"
"chechi volleyball kalikkilla","my elder sister won't play volleyball"
"njan rathri cricket kalikkum","i play cricket at night"
"avan randu divasam munpu achane vilichilla","he didn't call dad two days ago"
"njan message ayachittundu","i have sent a message"
"nammal ippo kappi kudikkunnu","we are drinking coffee now"
"ammakku mazha ishtamalla","mom doesn't like the rain"
"kutti adutha aazhcha tamil samsarikkilla","the child won't speak tamil next week"
"teacherinu paalu venda","the teacher doesn't want milk"
"njangalkku daahikkunnu","we are thirsty"
"enikku juice venam","i want juice"
"aval innu juice kudikkunnundo","is she drinking juice today"
"avanu ippo ice cream venam","he wants ice cream now"
"aval nale bus il hospitalilekku pokilla","she won't go to the hospital by bus tomorrow"
"namukku pariksha ezhuthaam","let's write the exam"
"chechi ippo oru kadha kelkkunnilla","my elder sister is not listening to a story now"
"avan kazhinja aazhcha news kandu","he watched the news last week"
"avalude charger officil und","her charger is at the office"
"achan ippol chemistry padikkunnundo","is dad studying chemistry now"
"athu kazhinju poyi","that is over"
"amma ippol hospitalil aan","mom is at the hospital now"
"avarude kuppi evide","where is their bottle"
"ninakku padikkan ishtamalla","you don't like studying"
"ninakku nadum vedana und","you have a backache"
"aval kazhinja aazhcha kathu vaayicho","did she read a letter last week"
"amma naale raavile koottukaarane vilikkumo","will mom call a friend tomorrow morning"
"avar schoolilekku pokum","they will go to school"
"avalude aniyan pachakkaran aanu","her younger brother is a cook"
"chettanu boradi illa","my elder brother is not bored"
"namukku bhayam aayirunnu","we were scared"
"teacherinu chaya ishtamalla","the teacher doesn't like tea"
"chettanu nadakkan ishtam aanu","my elder brother likes walking"
"chechi dubaiyil aanu","my elder sister is in dubai"
"aval innu rathri nadannu libraryilekku pokum ennitt kappi kudikkum","she will go to the library on foot tonight and drink coffee"
"chettan ippo nadannu theatreilekku pokunnilla","my elder brother is not going to the theatre on foot now"
"aval innale pachakkari vaangi pinne malayalam samsarichu","she bought vegetables yesterday and then spoke malayalam"
"chettanu payasam venamo","does my elder brother want payasam"
"ninte koode varatte","let me come along with you"
"chechikku oru question illa","my elder sister doesn't have a question"
"achanu guitar vaayikkan ariyamo","can dad play the guitar"
"athu sheri alla","that is not right"
"ee phone anpathu roopa aanu","this phone is 50 rupees"
"kuttikku oru question undu","the child has a question"
"avarkku madhuram ishtam aanu","they like sweets"
"njan veettil aanu","i am at home"
"ee pen anchaayiram roopa aanu","this pen is 5000 rupees"
"njangal innu raavile kochiyilekku poyi","we went to kochi this morning"
"kutti adutha maasam vyayamam cheyyumo","will the child do exercise next month"
"chechi adutha aazhcha car il marketilekku pokilla","my elder sister won't go to the market by car next week"
"avarkku chaya venamo","do they want tea"
"teacher rathri kadha ezhuthum","the teacher writes stories at night"
"ee laptop vila kooduthal aanu","this laptop is too expensive"
"nee adutha aazhcha cartoon kaanum ennitt bus il marketilekku pokum","you will watch a cartoon and go to the market by bus next week"
"onnu chemistry padikku","please study chemistry"
"chettanu thanuppu ishtamano","does my elder brother like cold weather"
"ee saree kollaam","this saree is nice"
"ente chettan karshakan aan","my elder brother is a farmer"
"chettanu kann vedana illa","my elder brother doesn't have an eye pain"
"chechi ennum sadhanam vaangan pokum","my elder sister goes shopping every day"
"avanu ippo tension und","he is nervous right now"
"avanu chess kalikkan ariyilla","he can't play chess"
"amma chilappol kulikkumo","does mom take a bath sometimes"
"avalude aniyan karshakan aanu","her younger brother is a farmer"
"teacher ethra manikku ethi","what time did the teacher reach"
"teacherinu ippo ice cream venam","the teacher wants ice cream now"
"innu entha divasam","what day is it today"
"achan innu rathri cricket kalikkum ennitt nadannu officilekku pokum","dad will play cricket and go to the office on foot tonight"
"njan oru veedu panayan pokunnu","i am going to build a house"
"kutti nadannu kadayilekku pokunnundo","is the child going to the shop on foot"
"avan chilappol bus il pokum","he goes by bus sometimes"
"avan nale raavile chakka kazhikkum","he will eat jackfruit tomorrow morning"
"avar randu divasam munpu train il thrissurilekku poyilla","they didn't go to thrissur by train two days ago"
"avalkku dance cheyyan ariyamo","can she dance"
"namukku oru paattu paadam","let's sing a song"
"amma train il alappuzhayilekku poyi","mom went to alappuzha by train"
"ammakku urakkam varunnilla","mom is not sleepy"
"chettan randu manikku ethum","my elder brother will reach at two"
"amma nale raavile car il thiruvananthapurathekku pokumo","will mom go to trivandrum by car tomorrow morning"
"ninte pen evide","where is your pen"
"avarkku pani illa","they don't have a fever"
"chechi kazhinja maasam train il bangaloreilekku poyo","did my elder sister go to bangalore by train last month"
"njan doctore vilikkum pakshe avar vilikkilla","i will call the doctor but they won't"
"nale kaattu adikkum","it will be windy tomorrow"
"ninakku oru kuda undo","do you have an umbrella"
"train late aanu","the train is late"
"chettanu oru laptop venda","my elder brother doesn't want a laptop"
"njan naale car il marketilekku pokum","i will go to the market by car tomorrow"
"njangalkku pachakam ishtam aanu","we like cooking"
"achan report vaayikkunnilla","dad is not reading the report"
"avan ennum urangumo","does he sleep every day"
"ninte chettan driver aan","your elder brother is a driver"
"teacher kazhinja aazhcha train il palakkadekku poyilla","the teacher didn't go to palakkad by train last week"
"chechi innu rathri car il theatreilekku pokum ennitt kappi kudikkum","my elder sister will go to the theatre by car tonight and drink coffee"
"chettan groundil aayirunno","was my elder brother at the ground"
"chettan nale raavile pustakam vaayikkum ennitt car il schoolilekku pokum","my elder brother will read a book and go to school by car tomorrow morning"
"teacher innu rathri car il delhiyilekku pokumo","will the teacher go to delhi by car tonight"
"ee watch ethra roopa aanu","how much is this watch"
"amma innu rathri car il hospitalilekku pokum athu kazhinju chakka kazhikkum","mom will go to the hospital by car tonight and then afterwards eat jackfruit"
"amma innale bike il airportilekku poyilla","mom didn't go to the airport by bike yesterday"
"avante kuppi adukkalayil und","his bottle is in the kitchen"
"ninte laptop muriyil und","your laptop is in the room"
"namukku soda kudikkam","let's drink soda"
"achan avadhi divasangalil nadakkan pokum","dad goes for a walk on holidays"
"avalkku yathra ishtamano","does she like travelling"
"njangalkku paattu ishtamalla","we don't like songs"
"ammakku oru poocha und","mom has a cat"
"teacherinu madhuram ishtam aan","the teacher likes sweets"
"njan moonu manikku ezhunnerkkum","i will wake up at three"
"ningalkku whistle adikkan ariyamo","can you whistle"
"enikku nadum vedana illa","i don't have a backache"
"teacherinu deshyam illa","the teacher is not angry"
"nammal innu raavile yoga cheythilla","we didn't do yoga this morning"
"arai kilo urulakizhangu tharu","give me half a kilo of potatoes"
"avante chechi kadakkaran aanu","his elder sister is a shopkeeper"
"enikk pani undu","i have a fever"
"chettane vilikkenda","don't call my elder brother"
"ammakku tension undo","is mom nervous"
"ee saree irunooru roopa aanu","this saree is 200 rupees"
"kuttikku oru aniyathi undo","does the child have a younger sister"
"magazine vaayikku","read a magazine"
"avan naale bag vaangilla","he won't buy a bag tomorrow"
"ammakku pachakkari ishtamano","does mom like vegetables"
"achan naale maths padikkilla","dad won't study maths tomorrow"
"avante pen evide","where is his pen"
"kuttikku biriyani ishtamalla","the child doesn't like biryani"
"nee innu raavile radio kettu pinne pustakam vaayichu","you listened to the radio this morning and then read a book"
"avalude ammavan driver aanu","her uncle is a driver"
"ninakku english samsarikkan ariyilla","you can't speak english"
"achan avadhi divasangalil veettil pani cheyyumo","does dad do chores at home on holidays"
"teacherinu nadakkan ishtam aanu","the teacher likes walking"
"teacherinu aashwasam und","the teacher is relieved"
"ninte chettan teacher aanu","your elder brother is a teacher"
"ninte ammayi karshakan aanu","your aunt is a farmer"
"dosa undakkenda","don't make dosa"
"nee ethra manikku urangi","what time did you sleep"
"njangal innale raavile onpathu manikku vannu","we came at nine in the morning yesterday"
"avarkku vaayana ishtam aanu","they like reading"
"ninakku pachakkari ishtamalla","you don't like vegetables"
"namukku oru doubt und","we have a doubt"
"avanu payasam ishtam aanu","he likes payasam"
"njan nale assignment cheyyum","i will do the assignment tomorrow"
"avanu car odikkan ariyilla","he can't drive a car"
"science padikkenda","don't study science"
"chettanu thalavedana illa","my elder brother doesn't have a headache"
"enikku kazhuthu vedana und","i have a neck pain"
"ente kuppi adukkalayil und","my bottle is in the kitchen"
"avarkku kann vedana undo","do they have an eye pain"
"ente ammavan engineer aanu","my uncle is an engineer"
"kutti ippol nadannu ambalathilekku pokunnundo","is the child going to the temple on foot now"
"kazhinja aazhcha veyil undaayirunnu","it was sunny last week"
"aval innu rathri auto il hotelilekku pokum","she will go to the hotel by auto tonight"
"avalkku vishakkunnundo","is she hungry"
"ningal marketil aano","are you at the market"
"kuttikku thalavedana illa","the child doesn't have a headache"
"aval chilappol nadakkan pokumo","does she go for a walk sometimes"
"kavitha vaayikku","read a poem"
"aval car il kottayathekku pokunnilla","she is not going to kottayam by car"
"nammal raavile cricket kalikkum","we play cricket in the morning"
"chettanu oru aniyan illa","my elder brother doesn't have a younger brother"
"ammakku mazha ishtam aanu","mom likes the rain"
"chettan ippo cricket kalikkunnu","my elder brother is playing cricket now"
"avar randu divasam munpu oru hindi paattu paadi","they sang a hindi song two days ago"
"kuttikku oru kada undo","does the child have a shop"
"chechikku car odikkan ariyilla","my elder sister can't drive a car"
"avan ammaye vilicho","did he call mom"
"ente chettan pavam aalu aan","my elder brother is a kind-hearted person"
"avanu oru chechi undo","does he have an elder sister"
"avan oru kadha kelkkum pakshe njan kelkkilla","he will listen to a story but i won't"
"photo edukku","take a photo"
"ningalkku dance cheyyan ariyamo","can you dance"
"avante key officil und","his key is at the office"
"ente amma thamasha parayunna aalu aanu","my mom is a funny person"
"njan naale radio kelkkum ennitt auto il bankilekku pokum","i will listen to the radio and go to the bank by auto tomorrow"
"oru malayalam paattu paadu","sing a malayalam song"
"aval chilappol vegam ezhunnerkkumo","does she wake up early sometimes"
"namukku dosa kazhikkam","let's eat dosa"
"kutti ippo pariksha ezhuthunnilla","the child is not writing the exam now"
"kuttikku payasam venamo","does the child want payasam"
"namukku podcast kelkkam","let's listen to a podcast"
"njangalkku neenthan ariyilla","we can't swim"
"aval raavile malayalam samsarikkum","she speaks malayalam in the morning"
"nale first show pokam","let's go to the first show tomorrow"
"nee ippo train il palakkadekku pokunnilla","you are not going to palakkad by train now"
"kutti ippo oru thamasha parayunnilla","the child is not telling a joke now"
"chettanu paattu ishtamalla","my elder brother doesn't like songs"
"njayaraazhcha class illa","there is no class on sunday"
"njayaraazhcha njan free aan","i am free on sunday"
"amma kazhinja maasam oru kadha ketto","did mom listen to a story last month"
"teacher aazhchayil onnu malayalam samsarikkumo","does the teacher speak malayalam once a week"
"ente kuda kaaril und","my umbrella is in the car"
"avarkku aashwasam undo","are they relieved"
"amma adutha maasam veettil varilla","mom won't come home next month"
"njan kazhinja aazhcha car il alappuzhayilekku poyi","i went to alappuzha by car last week"
"kutti ippo schoolil aanu","the child is at school now"
"avanu nannayi ezhuthan ariyilla","he can't write well"
"news kelkku","listen to the news"
"achan ippo groundil illa","dad is not at the ground now"
"chettanu nadakkan ishtamalla","my elder brother doesn't like walking"
"ninakku oru kada und","you have a shop"
"avante bag evide","where is his bag"
"kutti history padikkunnundo","is the child studying history"
"achan nadannu airportilekku pokunnu","dad is going to the airport on foot"
"namukku message vaayikkam","let's read the message"
"achan naale raavile airportilekku pokum pinne soda kudikkum","dad will go to the airport tomorrow morning and then drink soda"
"ninte phone kaaril und","your phone is in the car"
"ente achan valare nalla aalu aanu","my dad is a very good person"
"ningalkku oru question undo","do you have a question"
"nee oru pazhaya paattu paadum pakshe aval paadilla","you will sing an old song but she won't"
"aval adutha maasam oru hindi paattu paadilla","she won't sing a hindi song next month"
"teacher car il kannurilekku poyilla","the teacher didn't go to kannur by car"
"ninakku kali ishtamano","do you like playing games"
"amma ippo ambalathil illaa","mom is not at the temple now"
"chettan adutha aazhcha oru hindi paattu paadilla","my elder brother won't sing a hindi song next week"
"teacher chor undakkilla","the teacher won't make rice"
"avarude chettan police aan","their elder brother is a police officer"
"enikku sankadam aayirunnu","i was sad"
"teacher ippo doctore vilikkunnu","the teacher is calling the doctor now"
"avarkku oru laptop illaa","they don't have a laptop"
"chettanu jalado undo","does my elder brother have a cold"
"aval avadhi divasangalil pachakam cheyyilla","she doesn't cook on holidays"
"ammakku computer upayogikkan ariyilla","mom can't use a computer"
"achanu padikkan ishtam aanu","dad likes studying"
"ammakku biriyani ishtamano","does mom like biryani"
"velliyaazhcha avadhi aanu","friday is a holiday"
"avalkku cinema ishtamalla","she doesn't like movies"
"avalkku bhayam illaa","she is not scared"
"njangalkku aashwasam aayirunnu","we were relieved"
"kutti collegil aano","is the child at college"
"nammal gulfil aanu","we are in the gulf"
"chechi nale auto il beachilekku pokum athu kazhinju oru puthiya paattu paadum","my elder sister will go to the beach by auto tomorrow and then afterwards sing a new song"
"namukku music kelkkam","let's listen to music"
"aval kazhinja aazhcha music kettu pinne chettane vilichu","she listened to music last week and then called my elder brother"
"njangalkku beach ishtamalla","we don't like the beach"
"ee thorthu randaayiram roopa aanu","this towel is 2000 rupees"
"ninte ammachi doctor aanu","your grandma is a doctor"
"amma oru break edukkumo","will mom take a break"
"njan raavile paattu kelkkum","i listen to songs in the morning"
"aval adutha aazhcha manga kazhikkum pinne bus il marketilekku pokum","she will eat a mango and then go to the market by bus next week"
"achan ippo flight il gulfilekku pokunnu","dad is going to the gulf by flight now"
"njan dosa kazhikkum pakshe aval kazhikkilla","i will eat dosa but she won't"
"avan malayalam samsarikkunnilla","he is not speaking malayalam"
"chechi chappal vaangi","my elder sister bought slippers"
"ee laptop anchaayiram roopa aan","this laptop is 5000 rupees"
"teacher pathu manikku pokum","the teacher will go at ten"
"njan innale naalu manikku poyi","i went at four yesterday"
"chechi adutha maasam homework cheyyum","my elder sister will do homework next month"
"kutti ethra manikku varum","what time will the child come"
"nee ippo bus il marketilekku pokunnu","you are going to the market by bus now"
"chettan innale vaikunneram naalu manikku vannu","my elder brother came at four in the evening yesterday"
"njangalkku bike odikkan ariyilla","we can't ride a bike"
"chettan bus il hospitalilekku pokum","my elder brother will go to the hospital by bus"
"avan innu flight il delhiyilekku pokunnu","he is going to delhi by flight today"
"njaan kazhinja aazhcha paalu kudichu pinne chemistry padichu","i drank milk last week and then studied chemistry"
"nee vaikunneram tv kaanilla","you don't watch tv in the evening"
"chettanu meen curry ishtamalla","my elder brother doesn't like fish curry"
"achan soda kudichu","dad drank soda"
"teacher chor undakkunnu","the teacher is making rice"
"achan rathri pathram vaayikkilla","dad doesn't read the newspaper at night"
"irikku","sit down"
"njan delhiyil aanu","i am in delhi"
"kuttikku kazhuthu vedana undu","the child has a neck pain"
"nee entha parayunne","what are you saying"
"chechikku neenthan ariyilla","my elder sister can't swim"
"ningalkku chess kalikkan ariyamo","can you play chess"
"chechi ippo ambalathil aanu","my elder sister is at the temple now"
"aval naale raavile nadannu schoolilekku pokum","she will go to school on foot tomorrow morning"
"kutti hotelil aayirunno","was the child at the hotel"
"kutti innu raavile train il bangaloreilekku poyi","the child went to bangalore by train this morning"
"avan aazhchayil onnu bus il pokum","he goes by bus once a week"
"teacherinu oru idea und","the teacher has an idea"
"video kaananda","don't watch a video"
"chechi ippol airportil illaa","my elder sister is not at the airport now"
"chechi innale theatreil aayirunnu","my elder sister was at the theatre yesterday"
"avan rathri paalu kudikkilla","he doesn't drink milk at night"
"avar dubaiyil aan","they are in dubai"
"teacherinu kai vedana illa","the teacher doesn't have a pain in the hand"
"nee innale biriyani undakki pinne chettane vilichu","you made biryani yesterday and then called my elder brother"
"achanu chor venamo","does dad want rice"
"enikku vayaru vedana illa","i don't have a stomach ache"
"achanu pachakam ishtam aan","dad likes cooking"
"avante achan delhiyil aanu","his dad is in delhi"
"oru nunna parayu","tell a lie"
"avar innale moonu manikku ezhunnettu","they woke up at three yesterday"
"njan report vaayikkum pakshe aval vaayikkilla","i will read the report but she won't"
"avalkku pani undo","does she have a fever"
"ninte laptop kaaril und","your laptop is in the car"
"chettan nadannu hotelilekku pokumo","will my elder brother go to the hotel on foot"
"achan nale raavile bus il kannurilekku pokum","dad will go to kannur by bus tomorrow morning"
"chettan naale raavile serial kaanilla","my elder brother won't watch a serial tomorrow morning"
"chechikku thanuppu ishtam aanu","my elder sister likes cold weather"
"aval naale car il bus stopilekku pokum ennitt podcast kelkkum","she will go to the bus stop by car tomorrow and listen to a podcast"
"enthaa moonjiyirikkunne","why do you look so gloomy"
"achanu nannayi ezhuthan ariyam","dad can write well"
"nee nale car il stationilekku pokum","you will go to the station by car tomorrow"
"ninak kai vedana undu","you have a pain in the hand"
"aval rathri urangilla","she doesn't sleep at night"
"avarude ammavan pachakkaran aanu","their uncle is a cook"
"amma innale raathri randu manikku vannu","mom came at two at night yesterday"
"kutti nale teachere vilikkum","the child will call the teacher tomorrow"
"njan oru break eduthu","i took a break"
"kuttikku chor venamo","does the child want rice"
"njangalkku lajja aayirunnu","we were embarrassed"
"namukku ippo payasam venam","we want payasam now"
"ee kuda aayiram roopa aanu","this umbrella is 1000 rupees"
"njangalkku oru question illa","we don't have a question"
"ente ammavan karshakan aanu","my uncle is a farmer"
"ninte chettan evide","where is your elder brother"
"njaan innu rathri kadayilekku pokum pinne bag vaangum","i will go to the shop tonight and then buy a bag"
"aval adutha maasam nattil varilla","she won't come to my hometown next month"
"ente teacher kashtappettu pani cheyyunna aalu aanu","my teacher is a hard-working person"
"enikku pen tharamo","can you give me a pen"
"njangal kazhinja aazhcha meen kazhichu pinne bag eduthu","we ate fish last week and then took the bag"
"ente chechi karshakan aanu","my elder sister is a farmer"
"avalude chappal mejayil und","her slippers are on the table"
"enikku oru idea und","i have an idea"
"ee chappal aayiram roopa aanu","this pair of slippers is 1000 rupees"
"avanu football ishtamalla","he doesn't like football"
"njangal innale chakka kazhichu pinne hindi samsarichu","we ate jackfruit yesterday and then spoke hindi"
"chechikku bike odikkan ariyilla","my elder sister can't ride a bike"
"avan ippo hotelil illa","he is not at the hotel now"
"teacher innu raavile chakka kazhichu","the teacher ate jackfruit this morning"
"ninte ticket veettil und","your ticket is at home"
"ninak hindi samsarikkan ariyilla","you can't speak hindi"
"avan buddhiyulla aalu aanu","he is a smart person"
"english padikkenda","don't study english"
"ammakku kazhuthu vedana und","mom has a neck pain"
"avan veettil vannoo","did he come home"
"njaan adutha aazhcha news kelkkilla","i won't listen to the news next week"
"achan groundil aayirunno","was dad at the ground"
"avanu oru plan und","he has a plan"
"kuttikku kappi ishtamano","does the child like coffee"
"avar kazhinja maasam idli kazhichu","they ate idli last month"
"ninte key veettil und","your key is at home"
"enikku randu litre vellam venam","i need two litres of water"
"njangalkku padikkan ishtamalla","we don't like studying"
"achan adutha aazhcha podcast kelkkilla","dad won't listen to a podcast next week"
"chettan kazhinja maasam carroms kalicho","did my elder brother play carrom last month"
"njan kazhinja maasam bus il thrissurilekku poyilla","i didn't go to thrissur by bus last month"
"ente boss thamasha parayunna aalu aanu","my boss is a funny person"
"njangal randu divasam munpu badminton kalichu","we played badminton two days ago"
"avan nannayi paadum","he sings well"
"njan hindi samsarikkum pakshe nee samsarikkilla","i will speak hindi but you won't"
"avalkku neenthan ariyam","she can swim"
"teacherinu oru poocha undo","does the teacher have a cat"
"ee kuda pathinaayiram roopa aanu","this umbrella is 10,000 rupees"
"amma naale raavile auto il groundilekku pokum ennitt dosa undakkum","mom will go to the ground by auto tomorrow morning and make dosa"
"avalkku thondayil vedana undo","does she have a sore throat"
"avar stationilekku pokunnundo","are they going to the station"
"njan innu rathri saree vaangum pinne theatreilekku pokum","i will buy a saree and then go to the theatre tonight"
"ninte laptop evideya","where is your laptop"
"avarkku tamil samsarikkan ariyamo","can they speak tamil"
"ente phone officil und","my phone is at the office"
"ee kuppi nooru roopa aan","this bottle is 100 rupees"
"achan rathri pathram vaayikkumo","does dad read the newspaper at night"
"avar kazhinja maasam teachere vilichu","they called the teacher last month"
"avalkku vellam venam","she wants water"
"aval kazhinja aazhcha rahasyam paranju pinne hindi samsarichu","she told the secret last week and then spoke hindi"
"chettan innale oru malayalam paattu paadi","my elder brother sang a malayalam song yesterday"
"teacher ucha kazhinju anchu manikku irangum","the teacher will leave at five in the afternoon"
"achan kazhinja maasam cricket match kandilla","dad didn't watch the cricket match last month"
"arai kilo pazham tharu","give me half a kilo of bananas"
"njangalkku nadakkan ishtamalla","we don't like walking"
"kuttikku oru idea undo","does the child have an idea"
"ee mundu anchaayiram roopa aanu","this mundu is 5000 rupees"
"njangalude aniyan vakkeel aanu","our younger brother is a lawyer"
"ammakku daahikkunnilla","mom is not thirsty"
"namukku oru break edukkam","let's take a break"
"pariksha ezhuthenda","don't write the exam"
"achanu deshyam undo","is dad angry"
"amma randu divasam munpu payasam undakkiyilla","mom didn't make payasam two days ago"
"chettanu oru chaya venamo","does my elder brother want a cup of tea"
"aval innu kuda vaangunnundo","is she buying an umbrella today"
"avarkku pani undo","do they have a fever"
"nee innale puttu kazhichu","you ate puttu yesterday"
"avalkku urakkam varunnundo","is she sleepy"
"njan key edukkum pakshe aval edukkilla","i will take the key but she won't"
"achan innu rathri key edukkum ennitt veettilekku pokum","dad will take the key and go home tonight"
"nee innale ucha kazhinju pannirandu manikku poyi","you went at twelve in the afternoon yesterday"
"nee assignment cheyyum pakshe avan cheyyilla","you will do the assignment but he won't"
"ninak sankadam undo","are you sad"
"onnu sambar undakku","please make sambar"
"ninakku lajja undo","are you embarrassed"
"achanu oru laptop venam","dad wants a laptop"
"kutti anchu manikku pokum","the child will go at five"
"nammal nale collegil varum","we will come to college tomorrow"
"njan nale raavile car il hospitalilekku pokum ennitt oru break edukkum","i will go to the hospital by car tomorrow morning and take a break"
"ente chettan driver aanu","my elder brother is a driver"
"avan nale chemistry padikkum ennitt hospitalilekku pokum","he will study chemistry and go to the hospital tomorrow"
"sambar undakku","make sambar"
"ticket edukkenda","don't take the ticket"
"ee pustakam mosham aan","this book is bad"
"nee naale raavile meen curry undakkum","you will make fish curry tomorrow morning"
"ente kuda mejayil und","my umbrella is on the table"
"achanu oru laptop venamo","does dad want a laptop"
"nee innu rathri car il bus stopilekku pokum athu kazhinju tamil samsarikkum","you will go to the bus stop by car tonight and then afterwards speak tamil"
"chechi adutha aazhcha sathyam parayum pinne bus il bankilekku pokum","my elder sister will tell the truth and then go to the bank by bus next week"
"ningal randu divasam munpu pen vaangiyo","did you buy a pen two days ago"
"onnu tamil samsarikku","please speak tamil"
"ninak kazhuthu vedana undo","do you have a neck pain"
"avar kazhinja maasam pariksha ezhuthi","they wrote the exam last month"
"achan innale dosa undakkiyo","did dad make dosa yesterday"
"achan teachere vilichilla","dad didn't call the teacher"
"avarude aniyathi kollathu aanu","their younger sister is in kollam"
"tamil samsarikkenda","don't speak tamil"
"teacherinu pachakam cheyyan ariyamo","can the teacher cook"
"ee subject valare kashtam aanu","this subject is very hard"
"avan innu biriyani undakkunnilla","he is not making biryani today"
"ninte ammachi delhiyil aanu","your grandma is in delhi"
"njangalude achan doctor aan","our dad is a doctor"
"shaniyaazhcha njan free aanu","i am free on saturday"
"chettan innu news kaanunnu","my elder brother is watching the news today"
"njangal car il ambalathilekku pokunnilla","we are not going to the temple by car"
"avalude pustakam veetil undu","her book is at home"
"avalkku ippo bhayam und","she is scared right now"
"avanu vellam venda","he doesn't want water"
"enikk tension illaa","i am not nervous"
"chettanu tamil samsarikkan ariyamo","can my elder brother speak tamil"
"athu sheriyaanu","that is right"
"aval chappal vaangum pakshe avan vaangilla","she will buy slippers but he won't"
"aval kazhinja maasam paattu kettilla","she didn't listen to songs last month"
"nee bus stopil aano","are you at the bus stop"
"chechi pathram vaayichu","my elder sister read the newspaper"
"engane undu","how is it"
"ente koottukaran thamasha parayunna aalu aanu","my friend is a funny person"
"achan adutha aazhcha auto il beachilekku pokum pinne oru puthiya paattu paadum","dad will go to the beach by auto next week and then sing a new song"
"aval innu rathri pachakkari vaangum athu kazhinju bike il beachilekku pokum","she will buy vegetables and then afterwards go to the beach by bike tonight"
"ente kuda muriyil und","my umbrella is in the room"
"avan kazhinja maasam bike il officilekku poyilla","he didn't go to the office by bike last month"
"chettanu thalavedana und","my elder brother has a headache"
"chettan ellaa aazhchayum vegam ezhunnerkkum","my elder brother wakes up early every week"
"chettan randu divasam munpu car il thiruvananthapurathekku poyo","did my elder brother go to trivandrum by car two days ago"
"avar podcast kelkkum pakshe nee kelkkilla","they will listen to a podcast but you won't"
"nee ippo chaya undakkunnilla","you are not making tea now"
"chechi phone edukkunnilla","my elder sister is not taking the phone"
"teacher innu mumbaiyilekku pokunnundo","is the teacher going to mumbai today"
"avan adutha maasam nadannu collegilekku pokum","he will go to college on foot next month"
"ente aniyan doctor aan","my younger brother is a doctor"
"achanu beach ishtam aanu","dad likes the beach"
"avarude amma karshakan aanu","their mom is a farmer"
"aval kazhinja aazhcha oru nunna paranju pinne doctore vilichu","she told a lie last week and then called the doctor"
"chechikku oru aniyathi undo","does my elder sister have a younger sister"
"teacher ippo bag vaangunnu","the teacher is buying a bag now"
"achan oru nunna parayunnu","dad is telling a lie"
"ithu aara","who is this"
"njangalude aniyan evide","where is our younger brother"
"oru break edukkenda","don't take a break"
"njangalude ticket evide","where is our ticket"
"chechi kazhinja maasam thrissurilekku poyo","did my elder sister go to thrissur last month"
"avar rathri paalu kudikkumo","do they drink milk at night"
"namukku oru pen venda","we don't want a pen"
"teacher nattil varum","the teacher will come to my hometown"
"chechikku kaasu undo","does my elder sister have money"
"avante achan engineer aan","his dad is an engineer"
"avan adutha aazhcha bike il airportilekku pokum pinne carroms kalikkum","he will go to the airport by bike next week and then play carrom"
"ente chechi snehamulla aalu aan","my elder sister is a loving person"
"chettan naale bike il bus stopilekku pokumo","will my elder brother go to the bus stop by bike tomorrow"
"ee shirt anjnooru roopa aanu","this shirt is 500 rupees"
"chechikku oru plan undu","my elder sister has a plan"
"ninakku chess kalikkan ariyamo","can you play chess"
"avante achan doctor aanu","his dad is a doctor"
"avan manga kazhikkum pakshe nee kazhikkilla","he will eat a mango but you won't"
"avan ippo chakka kazhikkunnundo","is he eating jackfruit now"
"paalu kudikkanda","don't drink milk"
"namukku biriyani undakkam","let's make biryani"
"ninakku vaayana ishtamalla","you don't like reading"
"avan nale raavile bus il kochiyilekku pokilla","he won't go to kochi by bus tomorrow morning"
"amma innu rathri oru kadha kelkkum ennitt bus il groundilekku pokum","mom will listen to a story and go to the ground by bus tonight"
"ammakku payasam venamo","does mom want payasam"
"njan adutha aazhcha notes ezhuthilla","i won't write notes next week"
"chechikku oru poocha undo","does my elder sister have a cat"
"ningalkku oru kuda venamo","do you want an umbrella"
"amma innu raavile teachere vilicho","did mom call the teacher this morning"
"njangal libraryil aanu","we are at the library"
"njangalude amma teacher aanu","our mom is a teacher"
"njangal innu phone edukkunnilla","we are not taking the phone today"
"ammakku chaya venam","mom wants tea"
"avarkku oru problem illa","they don't have a problem"
"avalkku kaasu illa","she doesn't have money"
"avante chettan karshakan aanu","his elder brother is a farmer"
"avalkku oru idea illa","she doesn't have an idea"
"ee shoes enikku ishtamayi","i liked this pair of shoes"
"ninakku kazhuthu vedana und","you have a neck pain"
"ningal vaikunneram veettil pani cheyyumo","do you do chores at home in the evening"
"achan innu rathri nadannu stationilekku pokum athu kazhinju photo edukkum","dad will go to the station on foot tonight and then afterwards take a photo"
"ee chappal mosham aan","this pair of slippers is bad"
"avalude amma kadakkaran aan","her mom is a shopkeeper"
"avalkku thalavedana und","she has a headache"
"ninakku kurachu vellam venam","you want some water"
"ee saree aayiram roopa aan","this saree is 1000 rupees"
"teacher kazhinja aazhcha serial kandilla","the teacher didn't watch a serial last week"
"ente phone evideya","where is my phone"
"aval ippo kadayilekku pokunnundo","is she going to the shop now"
"chechi innu ticket edukkunnilla","my elder sister is not taking the ticket today"
"ninte amma driver aanu","your mom is a driver"
"achanu kaal vedana illaa","dad doesn't have a leg pain"
"avante kannadi officil und","his glasses are at the office"
"ninakku kappi venam","you want coffee"
"njangal innu rathri chaya kudikkum","we will drink tea tonight"
"avante ticket evide","where is his ticket"
"achan naale raavile photo edukkumo","will dad take a photo tomorrow morning"
"ente amma karshakan aan","my mom is a farmer"
"innu vyaazhaazhcha aan","today is thursday"
"ente watch kattilil und","my watch is on the bed"
"achan veettilekku pokum","dad will go home"
"kuttikku cricket ishtam aanu","the child likes cricket"
"teacherinu aashwasam undo","is the teacher relieved"
"achan adutha aazhcha nadannu ambalathilekku pokum ennitt badminton kalikkum","dad will go to the temple on foot next week and play badminton"
"chechi innu rathri car il collegilekku pokum pinne ticket vaangum","my elder sister will go to college by car tonight and then buy the ticket"
"teacherinu appam venamo","does the teacher want appam"
"avalude kuppi alamarayil und","her bottle is in the cupboard"
"avan adutha aazhcha bus il collegilekku pokum ennitt chor undakkum","he will go to college by bus next week and make rice"
"achan naale raavile gulfilekku pokum","dad will go to the gulf tomorrow morning"
"achan innu pazham vaangunnundo","is dad buying bananas today"
"ningal innale chappal vaangiyo","did you buy slippers yesterday"
"ee shirt aayiram roopa aanu","this shirt is 1000 rupees"
"avan avadhi divasangalil kadha ezhuthumo","does he write stories on holidays"
"avan rathri malayalam samsarikkilla","he doesn't speak malayalam at night"
"amma adutha maasam kozhi kazhikkumo","will mom eat chicken next month"
"achan bus il palakkadekku pokilla","dad won't go to palakkad by bus"
"achanu oru car undo","does dad have a car"
"avan innale schoolil vannoo","did he come to school yesterday"
"chettan innu rathri nattil varum","my elder brother will come to my hometown tonight"
"amma ippol bus stopil illa","mom is not at the bus stop now"
"ee thorthu nooru roopa aan","this towel is 100 rupees"
"avante aniyathi evideya","where is his younger sister"
"achan ippol juice kudikkunnundo","is dad drinking juice now"
"ninakku oru break venamo","do you want a break"
"enikku anchu kilo thakkali venam","i need five kilos of tomatoes"
"kutti adutha aazhcha kadayil varilla","the child won't come to the shop next week"
"ee kuda randaayiram roopa aanu","this umbrella is 2000 rupees"
"ninakku pallu vedana und","you have a toothache"
"achanu bike odikkan ariyam","dad can ride a bike"
"ee watch irunooru roopa aanu","this watch is 200 rupees"
"avar naale raavile volleyball kalikkumo","will they play volleyball tomorrow morning"
"chettan randu divasam munpu kavitha ezhuthiyilla","my elder brother didn't write a poem two days ago"
"teacherinu kann vedana undo","does the teacher have an eye pain"
"achanu oru problem illa","dad doesn't have a problem"
"chaya thanuthu poyi","the tea has gone cold"
"nammal schoolil illaa","we are not at school"
"ente chechi valare nalla aalu aanu","my elder sister is a very good person"
"avante watch adukkalayil und","his watch is in the kitchen"
"avan innale nadannu ambalathilekku poyi","he went to the temple on foot yesterday"
"njangalkku cycle chavittan ariyaam","we can ride a bicycle"
"chilappol njan veettil thanne irikkum","sometimes i just stay at home"
"achan nale bus il bankilekku pokum pinne oru puthiya paattu paadum","dad will go to the bank by bus tomorrow and then sing a new song"
"teacher vaikunneram malayalam samsarikkilla","the teacher doesn't speak malayalam in the evening"
"enikku ariyilla ninte karyam","i don't know about your matter"
"nee raavile paalu kudikkilla","you don't drink milk in the morning"
"njan ennum cricket kalikkilla","i don't play cricket every day"
"onnu paalu kudikku","please drink milk"
"kutti bankil illa","the child is not at the bank"
"teacherinu pallu vedana illa","the teacher doesn't have a toothache"
"namukku pustakam vaayikkam","let's read a book"
"mosham","bad"
"aval vaikunneram tv kaanumo","does she watch tv in the evening"
"assignment ezhuthenda","don't write the assignment"
"ee shoes mosham aan","this pair of shoes is bad"
"chechi innale raavile pathinonnu manikku irangi","my elder sister left at eleven in the morning yesterday"
"ee mundu irupathu roopa aanu","this mundu is 20 rupees"
"project cheyyu","do the project"
"chechikku kappi venamo","does my elder sister want coffee"
"nee adutha aazhcha key edukkum ennitt bus il bankilekku pokum","you will take the key and go to the bank by bus next week"
"amma nale raavile car il collegilekku pokum ennitt notes ezhuthum","mom will go to college by car tomorrow morning and write notes"
"namukku koottukaarane vilikkam","let's call a friend"
"achan ettu manikku pokum","dad will go at eight"
"nee kazhinja aazhcha chechiye vilicho","did you call my elder sister last week"
"adutha aazhcha mazha peyyum","it will rain next week"
"achan kazhinja aazhcha bus stopil aayirunnu","dad was at the bus stop last week"
"chettan innu rathri bike il schoolilekku pokum pinne chemistry padikkum","my elder brother will go to school by bike tonight and then study chemistry"
"nammal ippo ambalathil aanu","we are at the temple now"
"kutti adutha aazhcha biriyani undakkilla","the child won't make biryani next week"
"ninte aniyathi evide","where is your younger sister"
"athe","yes"
"nammal raavile vegam ezhunnerkkilla","we don't wake up early in the morning"
"ammakku pachakam ishtam aanu","mom likes cooking"
"njangal raavile onnu manikku ethum","we will reach at one in the morning"
"ninakku nannayi ezhuthan ariyamo","can you write well"
"aval schoolil aano","is she at school"
"vyaazhaazhcha namukku kaanam","let's meet on thursday"
"ninte achan chennaiyil aanu","your dad is in chennai"
"ninakku oru pen venda","you don't want a pen"
"avan kazhinja maasam bus il thrissurilekku poyi","he went to thrissur by bus last month"
"ningal ellaa aazhchayum bus il pokumo","do you go by bus every week"
"ninakku thalavedana und","you have a headache"
"nee innu rathri homework cheyyumo","will you do homework tonight"
"chettan innu raavile theatreil aayirunnu","my elder brother was at the theatre this morning"
"njangal pariksha ezhuthilla","we won't write the exam"
"achanu biriyani venda","dad doesn't want biryani"
"kutti innu nadannu theatreilekku pokunnilla","the child is not going to the theatre on foot today"
"achanu urakkam varunnilla","dad is not sleepy"
"onnu english padikku","please study english"
"namukku phone edukkam","let's take the phone"
"chechi naale raavile payasam undakkumo","will my elder sister make payasam tomorrow morning"
"avalude achan chennaiyil aan","her dad is in chennai"
"avar nale dosa undakkumo","will they make dosa tomorrow"
"ammakku kaasu illa","mom doesn't have money"
"chettan nale raavile car il ambalathilekku pokumo","will my elder brother go to the temple by car tomorrow morning"
"njan ippo ethum","i will reach in a minute"
"avar car il veettilekku poyo","did they go home by car"
"namukku pazham vaangam","let's buy bananas"
"avalkku payasam ishtamalla","she doesn't like payasam"
"amma music kettilla","mom didn't listen to music"
"nammal ellaa aazhchayum nadakkan pokilla","we don't go for a walk every week"
"kshamikku","forgive me"
"shirt vaangenda","don't buy a shirt"
"ninakku pallu vedana undo","do you have a toothache"
"teacher innu raavile cartoon kando","did the teacher watch a cartoon this morning"
"kuttikku oru plan illa","the child doesn't have a plan"
"ee pustakam randaayiram roopa aanu","this book is 2000 rupees"
"nee adutha aazhcha english samsarikkum athu kazhinju beachilekku pokum","you will speak english and then afterwards go to the beach next week"
"avan nale raavile history padikkumo","will he study history tomorrow morning"
"njangal innale oru kadha kettu pinne video kandu","we listened to a story yesterday and then watched a video"
"ninakku biriyani ishtamalla","you don't like biryani"
"ee pen kollaam","this pen is nice"
"ninak cinema ishtamalla","you don't like movies"
"njangal adutha maasam airportilekku pokilla","we won't go to the airport next month"
"ningal aazhchayil onnu kadha ezhuthumo","do you write stories once a week"
"aval airportil aano","is she at the airport"
"velliyaazhcha exam und","there is an exam on friday"
"achan ennum kulikkumo","does dad take a bath every day"
"nee adutha maasam kathu ezhuthumo","will you write a letter next month"
"aval nale notes ezhuthum athu kazhinju bus il groundilekku pokum","she will write notes and then afterwards go to the ground by bus tomorrow"
"chechi innu raavile auto il marketilekku poyilla","my elder sister didn't go to the market by auto this morning"
"achan innale anchu manikku poyi","dad went at five yesterday"
"ningal teachere vilikkunnundo","are you calling the teacher"
"avalkku guitar vaayikkan ariyam","she can play the guitar"
"njangal innu raavile bus il airportilekku poyilla","we didn't go to the airport by bus this morning"
"chettanu ippo vellam venam","my elder brother wants water now"
"chettan adutha aazhcha tv kaanum pinne bike il marketilekku pokum","my elder brother will watch tv and then go to the market by bike next week"
"sugam aano","are you fine"
"football kalikkenda","don't play football"
"chettan libraryil aano","is my elder brother at the library"
"njangal onnich padichathanu","we studied together"
"enthaada ithu","what is this man"
"ningal adutha aazhcha collegil varumo","will you come to college next week"
"namukku appam kazhikkam","let's eat appam"
"nee chilappol paalu kudikkum","you drink milk sometimes"
"chettanu oru chechi und","my elder brother has an elder sister"
"achanu tamil samsarikkan ariyamo","can dad speak tamil"
"teacherinu chaya ishtamano","does the teacher like tea"
"njan innale veettil vannu","i came home yesterday"
"innu chovvaazhcha aanu","today is tuesday"
"kutti chilappol pustakam vaayikkilla","the child doesn't read books sometimes"
"avanu nadum vedana illa","he doesn't have a backache"
"ente charger evide","where is my charger"
"chechikku oru pen undo","does my elder sister have a pen"
"njangal nale oru thamasha parayilla","we won't tell a joke tomorrow"
"avan theatreil aanu","he is at the theatre"
"chettan innu rathri car il libraryilekku pokum pinne pathram vaayikkum","my elder brother will go to the library by car tonight and then read the newspaper"
"amma phone eduthu","mom took the phone"
"teacher bus il thrissurilekku poyo","did the teacher go to thrissur by bus"
"oru kilo ari tharu","give me one kilo of rice"
"chechikku chor venam","my elder sister wants rice"
"ente aniyan bankil aanu","my younger brother is at the bank"
"nee nale meen kazhikkilla","you won't eat fish tomorrow"
"aval pavam aalu aanu","she is a kind-hearted person"
"ammakku yathra ishtam aanu","mom likes travelling"
"kuttikku malayalam samsarikkan ariyilla","the child can't speak malayalam"
"teacher nale meen kazhikkum","the teacher will eat fish tomorrow"
"njangalkku pachakam cheyyan ariyilla","we can't cook"
"avante laptop kaaril und","his laptop is in the car"
"thinkalaazhcha njan free aanu","i am free on monday"
"amma nale raavile cricket match kaanum athu kazhinju bike il bus stopilekku pokum","mom will watch the cricket match and then afterwards go to the bus stop by bike tomorrow morning"
"aval chilappol paalu kudikkum","she drinks milk sometimes"
"avanu paattu ishtam aanu","he likes songs"
"nammal car il marketilekku pokilla","we won't go to the market by car"
"ammakku deshyam aayirunnu","mom was angry"
"achan nale raavile auto il bus stopilekku pokum ennitt payasam undakkum","dad will go to the bus stop by auto tomorrow morning and make payasam"
"avan adutha maasam veettil varumo","will he come home next month"
"ammaye vilikkamo","shall we call mom"
"avalude aniyathi delhiyil aanu","her younger sister is in delhi"
"innu nalla mazha aanu","it is raining heavily today"
"chechi stationil aayirunno","was my elder sister at the station"
"teacher kazhinja aazhcha car il bangaloreilekku poyi","the teacher went to bangalore by car last week"
"amma innu bus il kollathekku pokunnilla","mom is not going to kollam by bus today"
"nee randu divasam munpu mutta kazhicho","did you eat an egg two days ago"
"njangalude chettan kottayathu aanu","our elder brother is in kottayam"
"chechikku ksheenam illa","my elder sister is not tired"
"njan adutha maasam car il kochiyilekku pokilla","i won't go to kochi by car next month"
"avarkku kaasu undo","do they have money"
"achan ellaa aazhchayum tv kaanilla","dad doesn't watch tv every week"
"ente chechi teacher aanu","my elder sister is a teacher"
"avan pani cheyyum pakshe nee cheyyilla","he will do the work but you won't"
"avan innale groundil aayirunnu","he was at the ground yesterday"
"njangalkku nadum vedana und","we have a backache"
"avanu oru bike undo","does he have a bike"
"njan innu rathri vyayamam cheyyilla","i won't do exercise tonight"
"music kelkkenda","don't listen to music"
"avar ellaa aazhchayum urangilla","they don't sleep every week"
"njangalude chechi evide","where is our elder sister"
"avalkku boradi undo","is she bored"
"aval innu rathri pani cheyyum","she will do the work tonight"
"teacher vaikunneram chaya kudikkilla","the teacher doesn't drink tea in the evening"
"namukku ippo tension und","we are nervous right now"
"avalude bag evide","where is her bag"
"avalkku paalu venda","she doesn't want milk"
"achan ezhu manikku ezhunnerkkum","dad will wake up at seven"
"teacherinu paattu ishtam aanu","the teacher likes songs"
"cartoon kaanu","watch a cartoon"
"ente aniyan driver aanu","my younger brother is a driver"
"innu match und","there is a match today"
"avante laptop veettil undu","his laptop is at home"
"volume kuraykku","lower the volume"
"oru minute","one minute"
"magazine vaayikkanda","don't read a magazine"
"avar rathri veettil pani cheyyum","they do chores at home at night"
"nammal vaikunneram pachakam cheyyum","we cook in the evening"
"achan innale moonu manikku ethi","dad reached at three yesterday"
"avarkku bhayam und","they are scared"
"nee schoolil aayirunno","were you at school"
"avanu oru phone undu","he has a phone"
"namukku kazhuthu vedana illa","we don't have a neck pain"
"chechi marketil aano","is my elder sister at the market"
"ammakku pallu vedana undo","does mom have a toothache"
"chettanu computer upayogikkan ariyilla","my elder brother can't use a computer"
"chechikku ksheenam aayirunnu","my elder sister was tired"
"teacher innale train il kozhikkodekku poyi","the teacher went to kozhikode by train yesterday"
"ammakku daahikkunnu","mom is thirsty"
"avalkku kaal vedana und","she has a leg pain"
"avalkku pani undu","she has a fever"
"aval mumbaiyil aanu","she is in mumbai"
"nammal innale onpathu manikku ezhunnettu","we woke up at nine yesterday"
"teacherinu nadum vedana undo","does the teacher have a backache"
"innu njayaraazhcha aan","today is sunday"
"onnu kuda edukku","please take an umbrella"
"njangal adutha aazhcha bus il collegilekku pokum athu kazhinju oru break edukkum","we will go to college by bus next week and then afterwards take a break"
"phone edukku","pick up the phone"
"kuttikku pachakam ishtam aan","the child likes cooking"
"avan randu divasam munpu train il palakkadekku poyo","did he go to palakkad by train two days ago"
"teacher randu divasam munpu paalu kudichilla","the teacher didn't drink milk two days ago"
"ninakku ippo enthaa vendath","what do you need now"
"aval ippo car il kollathekku pokunnilla","she is not going to kollam by car now"
"njan ippo dosa undakkunnilla","i am not making dosa now"
"enikku pachakkari ishtamalla","i don't like vegetables"
"onnu puthiya phone vaangu","please buy a new phone"
"puthiya vandi vaangu","buy a new vehicle"
"ee kuda irunooru roopa aan","this umbrella is 200 rupees"
"ammakku malayalam samsarikkan ariyam","mom can speak malayalam"
"chettan avadhi divasangalil paalu kudikkilla","my elder brother doesn't drink milk on holidays"
"chettanu biriyani venamo","does my elder brother want biryani"
"avalude chechi nurse aanu","her elder sister is a nurse"
"ente boss buddhiyulla aalu aanu","my boss is a smart person"
"nee innale ucha kazhinju onnu manikku poyi","you went at one in the afternoon yesterday"
"ammakku oru kada undu","mom has a shop"
"njangalude chettan bankil aan","our elder brother is at the bank"
"kuttikku oru laptop venda","the child doesn't want a laptop"
"ammakku paattu ishtam aanu","mom likes songs"
"njangal nale video kaanilla","we won't watch a video tomorrow"
"namukku pathram vaayikkam","let's read the newspaper"
"avalkku oru kuda venamo","does she want an umbrella"
"avante chettan libraryil aanu","his elder brother is at the library"
"avalude ammayi pachakkaran aanu","her aunt is a cook"
"njan aazhchayil onnu malayalam samsarikkum","i speak malayalam once a week"
"achanu oru kuda venam","dad wants an umbrella"
"njangalkku oru break venda","we don't want a break"
"chechikku hindi samsarikkan ariyam","my elder sister can speak hindi"
"pinne kaanam","see you later"
"njan online il vaangi","i bought it online"
"avar innu raavile officil vannu","they came to the office this morning"
"oru puthiya paattu paadenda","don't sing a new song"
"teacher naale schoolilekku pokilla","the teacher won't go to school tomorrow"
"nammal ennum bus il pokum","we go by bus every day"
"ammakku pani und","mom has work"
"chettanu kurachu samayam venda","my elder brother doesn't want some time"
"kutti aazhchayil onnu pachakam cheyyumo","does the child cook once a week"
"njangal innu raavile report ezhuthi pinne oru hindi paattu paadi","we wrote the report this morning and then sang a hindi song"
"avan randu divasam munpu train il kollathekku poyi","he went to kollam by train two days ago"
"avan english samsarikkum pakshe nee samsarikkilla","he will speak english but you won't"
"avanu kaal vedana undo","does he have a leg pain"
"avar innale oru malayalam paattu paadi pinne puttu kazhichu","they sang a malayalam song yesterday and then ate puttu"
"ammakku nadakkan ishtam aan","mom likes walking"
"chettanu chithram varakkan ariyamo","can my elder brother draw"
"avan adutha maasam paalu kudikkum","he will drink milk next month"
"avalude ammavan pachakkaran aanu","her uncle is a cook"
"ninakku oru poocha und","you have a cat"
"njangal innu bike il airportilekku pokunnu","we are going to the airport by bike today"
"teacherinu oru laptop venda","the teacher doesn't want a laptop"
"aval randu divasam munpu ivide vannu","she came here two days ago"
"avalkku nadakkan ishtamano","does she like walking"
"avarkku jalado und","they have a cold"
"chechi ennum veettil pani cheyyum","my elder sister does chores at home every day"
"anchu kilo uppu tharu","give me five kilos of salt"
"achanu ippo bhayam und","dad is scared right now"
"teacher beachil aayirunno","was the teacher at the beach"
"amma innu rathri kathu ezhuthilla","mom won't write a letter tonight"
"chechikku kurachu vellam venamo","does my elder sister want some water"
"njangal raavile yoga cheyyilla","we don't do yoga in the morning"
"achanu nadum vedana und","dad has a backache"
"ellaam sheriyaakum","everything will be fine"
"ninte chappal kaaril und","your slippers are in the car"
"nee kathu ezhuthum pakshe avar ezhuthilla","you will write a letter but they won't"
"avan innale saree vaangiyilla","he didn't buy a saree yesterday"
"chovvaazhcha njan free aanu","i am free on tuesday"
"ente teacher deshyam vegam varunna aalu aanu","my teacher is a short-tempered person"
"chechi innu rathri veetil varilla","my elder sister won't come home tonight"
"avar raavile onpathu manikku ethum","they will reach at nine in the morning"
"ninakku kazhuthu vedana illa","you don't have a neck pain"
"enikku oru litre juice venam","i need one litre of juice"
"ente ammayi nurse aanu","my aunt is a nurse"
"onnu football match kaanu","please watch the football match"
"kutti kazhinja maasam dubaiyilekku poyi","the child went to dubai last month"
"achan ellaa aazhchayum nadakkan pokum","dad goes for a walk every week"
"avar adutha aazhcha nadannu kadayilekku pokum athu kazhinju chettane vilikkum","they will go to the shop on foot next week and then afterwards call my elder brother"
"video kaanu","watch a video"
"njan innale chaya kudichu pinne carroms kalichu","i drank tea yesterday and then played carrom"
"ee watch anpathu roopa aanu","this watch is 50 rupees"
"teacherinu paalu venamo","does the teacher want milk"
"njangal nale raavile payasam undakkum athu kazhinju schoolilekku pokum","we will make payasam and then afterwards go to school tomorrow morning"
"chess kalikkenda","don't play chess"
"avalude ammavan vakkeel aanu","her uncle is a lawyer"
"amma innu rathri meen kazhikkum","mom will eat fish tonight"
"avalude ticket mejayil und","her ticket is on the table"
"nammal kazhinja maasam chor kazhichu","we ate rice last month"
"nee oru leave edukkum pakshe avan edukkilla","you will take a leave but he won't"
"amma nale raavile oru thamasha parayum ennitt car il bankilekku pokum","mom will tell a joke and go to the bank by car tomorrow morning"
"achan bus stopil aano","is dad at the bus stop"
"chechikku english samsarikkan ariyamo","can my elder sister speak english"
"chettanu tamil samsarikkan ariyilla","my elder brother can't speak tamil"
"ninte achan teacher aanu","your dad is a teacher"
"kutti airportil aano","is the child at the airport"
"njangal naale tv kaanum athu kazhinju collegilekku pokum","we will watch tv and then afterwards go to college tomorrow"
"avan news kaanum pakshe nee kaanilla","he will watch the news but you won't"
"ee bag pathinaayiram roopa aan","this bag is 10,000 rupees"
"amma chilappol tv kaanum","mom watches tv sometimes"
"avanu chithram varakkan ariyam","he can draw"
"chettan innale raathri ezhu manikku urangi","my elder brother slept at seven at night yesterday"
"chettan ennum paalu kudikkilla","my elder brother doesn't drink milk every day"
"njangalkku chor venda","we don't want rice"
"ente ammavan groundil aanu","my uncle is at the ground"
"kutti ippo hotelil aanu","the child is at the hotel now"
"onnu dosa kazhikku","please eat dosa"
"amma ellaa aazhchayum urangum","mom sleeps every week"
"avan adutha aazhcha computer padikkum athu kazhinju car il ambalathilekku pokum","he will study computer science and then afterwards go to the temple by car next week"
"amma naale raavile officilekku pokum ennitt video kaanum","mom will go to the office tomorrow morning and watch a video"
"ee pen pathinaayiram roopa aanu","this pen is 10,000 rupees"
"ninte amma evide","where is your mom"
"avar ippo car il bangaloreilekku pokunnundo","are they going to bangalore by car now"
"nee innu raavile train il kollathekku poyi","you went to kollam by train this morning"
"teacher key eduthilla","the teacher didn't take the key"
"ammakku oru help venda","mom doesn't want some help"
"chechikku lajja aayirunnu","my elder sister was embarrassed"
"njan work from home aanu","i am working from home"
"njangal innu rathri ivide varilla","we won't come here tonight"
"amma kazhinja maasam history padichilla","mom didn't study history last month"
"amma innale tamil samsarichilla","mom didn't speak tamil yesterday"
"kutti ambalathil aayirunno","was the child at the temple"
"kuttikku sankadam undo","is the child sad"
"ninte ticket sofayil und","your ticket is on the sofa"
"njangalkku vishakkunnu","we are hungry"
"njangal train il thrissurilekku pokunnilla","we are not going to thrissur by train"
"chechi innale sambar undakki","my elder sister made sambar yesterday"
"ninak chithram varakkan ariyilla","you can't draw"
"kutti collegil aayirunno","was the child at college"
"kuttikku oru help venda","the child doesn't want some help"
"assignment cheyyu","do the assignment"
"achan kazhinja aazhcha kathu vaayicho","did dad read a letter last week"
"njan randu divasam munpu cricket kalichilla","i didn't play cricket two days ago"
"chechi innu rathri ivide varum","my elder sister will come here tonight"
"aval kazhinja aazhcha pustakam vaayichilla","she didn't read a book last week"
"nee adutha aazhcha kadayil varum","you will come to the shop next week"
"avante ammayi engineer aanu","his aunt is an engineer"
"nee rathri veettil pani cheyyumo","do you do chores at home at night"
"kuda edukkenda","don't take an umbrella"
"chettan chilappol sadhanam vaangan pokum","my elder brother goes shopping sometimes"
"ee shoes anjnooru roopa aanu","this pair of shoes is 500 rupees"
"kurachu kurakkamo","can you reduce the price a little"
"namukku sankadam illa","we are not sad"
"kutti innale anchu manikku ezhunnettu","the child woke up at five yesterday"
"njangal beachil illa","we are not at the beach"
"kutti raavile veettil pani cheyyumo","does the child do chores at home in the morning"
"njangal adutha aazhcha nadannu hospitalilekku pokum pinne phone edukkum","we will go to the hospital on foot next week and then take the phone"
"avalude charger bagil und","her charger is in the bag"
"oru hindi paattu paadenda","don't sing a hindi song"
"aval innu rathri bike il schoolilekku pokum ennitt english samsarikkum","she will go to school by bike tonight and speak english"
"avalkku kaasu undo","does she have money"
"teacher raavile yoga cheyyumo","does the teacher do yoga in the morning"
"avalude watch sofayil und","her watch is on the sofa"
"achan innu raavile car il thiruvananthapurathekku poyi","dad went to trivandrum by car this morning"
"avar nale raavile cartoon kaanum athu kazhinju car il officilekku pokum","they will watch a cartoon and then afterwards go to the office by car tomorrow morning"
"achan nale bag vaangum","dad will buy a bag tomorrow"
"ee kuda anjnooru roopa aanu","this umbrella is 500 rupees"
"ammakku vayaru vedana undo","does mom have a stomach ache"
"njaan innu rathri train il mumbaiyilekku pokum","i will go to mumbai by train tonight"
"njangal innu nadannu marketilekku pokunnu","we are going to the market on foot today"
"ente chappal muriyil und","my slippers are in the room"
"aval buddhiyulla aalu aanu","she is a smart person"
"ninte kuppi mejayil und","your bottle is on the table"
"ammakku tension illa","mom is not nervous"
"nee kannuril aanu","you are in kannur"
"kutti hotelil illa","the child is not at the hotel"
"chechi adutha aazhcha malayalam samsarikkum ennitt nadannu bus stopilekku pokum","my elder sister will speak malayalam and go to the bus stop on foot next week"
"koottukaarane vilikkenda","don't call a friend"
"teacher collegil aanu","the teacher is at college"
"aval soda kudikkum pakshe njan kudikkilla","she will drink soda but i won't"
"chettanu ippol sankadam undu","my elder brother is sad right now"
"ninakku boradi und","you are bored"
"kuttikku dance cheyyan ariyilla","the child can't dance"
"ee chappal randaayiram roopa aanu","this pair of slippers is 2000 rupees"
"avalude key kaaril und","her key is in the car"
"avan bus il nattilekku poyi","he went to my hometown by bus"
"njangal innu raavile libraryil aayirunnu","we were at the library this morning"
"ee mundu irunooru roopa aanu","this mundu is 200 rupees"
"chettan innu rathri carroms kalikkumo","will my elder brother play carrom tonight"
"chettan innu rathri serial kaanum","my elder brother will watch a serial tonight"
"kanakku cheyyenda","don't do the maths problems"
"chechi adutha aazhcha paattu kelkkilla","my elder sister won't listen to songs next week"
"onnu oru leave edukku","please take a leave"
"avan naalu manikku pokum","he will go at four"
"avarude chechi palakkadu aanu","their elder sister is in palakkad"
"paalu kudikku","drink milk"
"chechikku oru doubt und","my elder sister has a doubt"
"njan rathri urangilla","i don't sleep at night"
"nee adutha aazhcha nattilekku pokum","you will go to my hometown next week"
"ningalkku kazhuthu vedana undo","do you have a neck pain"
"njangalude laptop evide","where is our laptop"
"njangalkku dance cheyyan ariyilla","we can't dance"
"chechikku thondayil vedana illa","my elder sister doesn't have a sore throat"
"namukku shirt vaangam","let's buy a shirt"
"njangalude chettan karshakan aanu","our elder brother is a farmer"
"teacher innale vaikunneram moonu manikku ethi","the teacher reached at three in the evening yesterday"
"chechi chilappol cricket kalikkilla","my elder sister doesn't play cricket sometimes"
"kutti avadhi divasangalil veettil pani cheyyum","the child does chores at home on holidays"
"namukku biriyani kazhikkam","let's eat biryani"
"chechi nale oru paattu paadum pinne theatreilekku pokum","my elder sister will sing a song and then go to the theatre tomorrow"
"kutti message vaayikkunnundo","is the child reading the message"
"avan beachil aayirunno","was he at the beach"
"chettanu juice venda","my elder brother doesn't want juice"
"ninte amma chennaiyil aanu","your mom is in chennai"
"aval chilappol paattu kelkkum","she listens to songs sometimes"
"avar oru kadha kelkkum pakshe aval kelkkilla","they will listen to a story but she won't"
"onnu vyayamam cheyyu","please do exercise"
"teacher ennum chaya kudikkum","the teacher drinks tea every day"
"achanu oru pen venamo","does dad want a pen"
"njangalkku thanuppu ishtamalla","we don't like cold weather"
"avalude ammavan evide","where is her uncle"
"idli kazhikku","eat idli"
"avanu sankadam und","he is sad"
"amma adutha aazhcha kadayil varum","mom will come to the shop next week"
"ee bag pathu roopa aan","this bag is 10 rupees"
"avalkku jalado undo","does she have a cold"
"ninte chechi evide","where is your elder sister"
"nee ippo auto il collegilekku pokunnundo","are you going to college by auto now"
"njangal ippo auto il beachilekku pokunnu","we are going to the beach by auto now"
"avar vaikunneram kulikkilla","they don't take a bath in the evening"
"ee pen aayiram roopa aanu","this pen is 1000 rupees"
"nee varumo","will you come"
"avan pannirandu manikku ezhunnerkkum","he will wake up at twelve"
"avante achan evide","where is his dad"
"njangalude chettan doctor aanu","our elder brother is a doctor"
"achan nale cinema kaanum pinne bus il kadayilekku pokum","dad will watch a movie and then go to the shop by bus tomorrow"
"chettan kazhinja maasam chapathi kazhichilla","my elder brother didn't eat chapathi last month"
"njangal ivide varum","we will come here"
"ninte achan nurse aanu","your dad is a nurse"
"avar karikku kudikkunnundo","are they drinking tender coconut water"
"ente chappal bagil und","my slippers are in the bag"
"avalude watch kaaril und","her watch is in the car"
"avarude ammavan vakkeel aan","their uncle is a lawyer"
"njangal collegil aanu","we are at college"
"aval adutha aazhcha phone edukkumo","will she take the phone next week"
"chechikku mazha ishtam aanu","my elder sister likes the rain"
"avante achan kottayathu aan","his dad is in kottayam"
"achan innu raavile bus il hotelilekku poyi","dad went to the hotel by bus this morning"
"ee padam bore aanu","this movie is boring"
"chechi nale raavile report ezhuthum","my elder sister will write the report tomorrow morning"
"namukku ippo dosa venam","we want dosa now"
"nammal thiruvananthapurathu aanu","we are in trivandrum"
"pathram vaayikku","read the newspaper"
"avalude kuda kaaril und","her umbrella is in the car"
"ee pen irunooru roopa aanu","this pen is 200 rupees"
"avante charger evide","where is his charger"
"payasam undo","is there payasam"
"school nale avadhi aanu","school is closed tomorrow"
"ninak oru pen venam","you want a pen"
"avarkku oru phone undo","do they have a phone"
"arai kilo manga tharu","give me half a kilo of mangoes"
"njangal adutha maasam bus il veettilekku pokum","we will go home by bus next month"
"achanu beach ishtamalla","dad doesn't like the beach"
"chechikku biriyani venamo","does my elder sister want biryani"
"teacher ippo flight il chennaiyilekku pokunnilla","the teacher is not going to chennai by flight now"
"avanu juice venam","he wants juice"
"achanu oru laptop venda","dad doesn't want a laptop"
"amma innu science padikkunnilla","mom is not studying science today"
"onnu assignment ezhuthu","please write the assignment"
"message vaayikku","read the message"
"teacherinu paadan ariyamo","can the teacher sing"
"chettanu oru laptop venam","my elder brother wants a laptop"
"cricket match kaananda","don't watch the cricket match"
"saree vaangu","buy a saree"
"ente kuppi muriyil undu","my bottle is in the room"
"chechikku oru poocha illa","my elder sister doesn't have a cat"
"enikku arai kilo manga venam","i need half a kilo of mangoes"
"ente amma valare nalla aalu aanu","my mom is a very good person"
"njan bankil illa","i am not at the bank"
"njangalkku oru aniyan und","we have a younger brother"
